id,created_date,subreddit,sentiment,sentiment_score,climatebert_sentiment,climatebert_sentiment_score,score_diff_roberta_minus_climatebert,abs_score_diff,raw_text,text_preview
ns9k15,2021-06-04,sustainability,negative,-0.6433191895484924,positive,0.8287408035248518,-1.4720599930733442,1.4720599930733442,"The USDA spends billions each year helping farmers change how they deal with pollution, but they won't use this money to help farmers transition to growing foods that need no conservation measures.","The USDA spends billions each year helping farmers change how they deal with pollution, but they won't use this money to help farmers tra..."
l83co5,2021-01-29,sustainability,negative,-0.4955294728279114,positive,0.9472065051086247,-1.442735977936536,1.442735977936536,"I think it is hard to find users for green projects where the direct benefits are not big (but contamination is reduced for instance). I'm facing it  This  is only an idea, I haven't developed anything at this moment, but I  have been thinking and discussing about this for the whole last year.

The  objective of this project is to help in the task of reducing methane  emissions, concretely I focused on farms (this is such a big source of  methane).

The aim of the project  is to connect farmers with biogas companies, so the manure (waste  generated by animals such as pigs or cows) can be used to generate clean  energy (biogas),  instead of being storaged (in that case, the methane  shall be released to the atmosphere, and that is a well-known  contamination problem, and 2030 agenda aims to reduce this among other  objectives). As far as I know, there is no penalty for that  contamination.

The main point of  the idea is to organize farms subscribed to the same biogas plant within  each small region, so the transport would collect the manure from farms  near the plant and would deliver it there in order to generate biogas.

The  main issue found here is that the farmers won't be motivated to  register to this service, even if they help to take care of the  environment by doing this (generating clean energy, helping biogas  companies to create more plants, and reducing the amount of methane  released). Honestly, I do think they won't find any direct benefit (even  if they are helping the environment), because I am not adding any real  value for them. They wouldn't obtain discounts for supplies for  instance.

The only way I have  found to ""motivate"" the farmers to register is to also allow them to do  business within the platform (such as post ads, bargain between farmers  that are not near enough to negotiate face to face, or let company  supplies to register there too). It would be like a professional network  but oriented to their sector (i.e. startups, companies, farmers would  be able to exchange products, services or feedback even if they are  maybe too far to talk face-to-face).

How would you motivate potential users to use green solutions, even if they don't obtain a direct benefit from it?

Thanks for reading!",I think it is hard to find users for green projects where the direct benefits are not big (but contamination is reduced for instance). I'...
q20ukv,2021-10-05,environment,negative,-0.5170477032661438,positive,0.8061883104965091,-1.3232360137626529,1.3232360137626529,"""Seaweed-Fed Cows Burp Less Planet-Warming Methane"" . . Many studies have found that the greenhouse gas emissions produced by cows each year have a surprisingly huge negative impact on the environment similar to cars. If we could switch to feeding cows seaweed, this could help save the planet!","""Seaweed-Fed Cows Burp Less Planet-Warming Methane"" . . Many studies have found that the greenhouse gas emissions produced by cows each y..."
c3pfdt,2019-06-22,environment,negative,-0.9075648784637452,positive,0.40127231180667877,-1.308837190270424,1.308837190270424,"Factory Farms Make Animals, People, and the Environment Sick","Factory Farms Make Animals, People, and the Environment Sick"
sr9oq6,2022-02-12,environment,negative,-0.7362328171730042,positive,0.5032166317105293,-1.2394494488835335,1.2394494488835335,Are Tech Billionaires Ruining Our Chances at Combating Climate Change?,Are Tech Billionaires Ruining Our Chances at Combating Climate Change?
bjtfmf,2019-05-02,science,neutral,-0.3215043246746063,positive,0.9089095443487167,-1.230413869023323,1.230413869023323,"Hydrogen is critical in the manufacture of thousands of products from plastic to fertilizers, but is expensive and energy intensive. New process uses sunlight to isolate hydrogen from industrial wastewater, doubling the previous standard for splitting hydrogen from water in a scalable way.","Hydrogen is critical in the manufacture of thousands of products from plastic to fertilizers, but is expensive and energy intensive. New ..."
9n4ve3,2018-10-10,ZeroWaste,neutral,-0.369069755077362,positive,0.8204909823834896,-1.1895607374608517,1.1895607374608517,"TIL The Beyond Burger uses 99% less water, 93% less land, has 90% fewer greenhouse gas emissions, and uses half as much energy to make than an equal sized commercial beef burger.","TIL The Beyond Burger uses 99% less water, 93% less land, has 90% fewer greenhouse gas emissions, and uses half as much energy to make th..."
1hgv3zb,2024-12-17,vegan,negative,-0.4370166063308716,positive,0.7306061396375299,-1.1676227459684014,1.1676227459684014,"Vegan Agriculture Is Not Sustainable Title aside, I am looking for ideas from you knowledgable lovey folks; I am curious if you can point out where my understanding is problematic. I have been vegan; I enjoyed it, it feels good, but have been compelled to consume animal products from a sustainability perspective.

This is my understanding: there is no way to maintain nourishing vegan agriculture without the incorporation of artificial fertilizers. All artificial fertilizers are depended upon mined, non-renewable resources (which often employ slave labor btw), and thus are not sustainable. On top of these, the runoff of those fertilizers cause all of the ecological disasters that we've come to know and love, destroying ecosystems and killing animals... not very vegan.

Thus, the *sustainable* way to raise food *includes* animal agriculture. Animals consume calories (like grass) that are not bioavailable to human beings, converting those calories into their bodies, and ultimately a digestible form. The livestock, simultaneously, is able to implant essential nutrients into the soil like nitrates and microbes that are able to enrich and fertilize the soil. One can then use this nutrient-rich soil to plant their regular 'ol yummy veggies, and repeat the process once the soil becomes eroded.

The above model of crop rotation and animal integration is the only model of sustainable food production that I am aware of. Other's involve either the unsustainable practices of fertilizer mining, acquisition of fertilizers that are (obviously or not) animal produced, or just blatant soil erosion (also unsustainable).

Finally, and most non-veganly, it becomes inevitable that these domesticated livestock, no matter how humanely treated, will eventually die. It seems that a ""death from natural causes"" for grazing animals would be brutal. Should the animal not be consumed by humans at the end of it's life? Alternatively, the animal could be buried, it's body nourishing the soil, so that the plants it helps provide are then consumed by humans... but this seems to ultimately accomplish the same feat, but much less energy-efficient.

**So... the good part. Where am I wrong in this? Is the above model (morality aside) sustainable? Are there sustainable alternatives? I challenge you to describe one!**

EDIT:

What I try to describe is a qualitative process that is described by farming on a small scale. The flow chart is this:

Soil is moderate quality >> grass is planted >> grazing animals eat grass and fertilize soil with manner >> agriculture for human consumption is planted in fertile soil >> soil returns to moderate quality >> cycle repeats.

This is not a model that justifies factory farming of animals, it stands at odds to it.  Indeed, it also stands at odds with massive scale monocultural farming practices that erode soil and are dependent on mined artificial fertilizers. Thus, in this model, animal feed is simply the grass that is rotated through, rather than mass-produced (and unhealthy) feed... that would defeat the whole purpose (and be a too-easy loophole that you pointed out). I imagine a model as described (more articulately) [here](https://attra.ncat.org/publication/integrating-livestock-and-crops-improving-soil-solving-problems-increasing-income/).

For what it's worth, I'm a physicist (not to boast), but I understand a thing or two about energy and efficiency. In fact, the argument that animals are an ineficient energy source (vernacular figures state 90% energy loss from eating meat vs the plants that the livestock consumes), is what convinced me to go vegan to begin with! What brought me away from veganism, though, is that pure vegetable farming, although more energy efficient, is nevertheless *not sustainable*: in this case, we trade energy inefficiency for a sustainable source of essential nutrients. The lack of these essential nutrients means non-sustainable farming, and thus, no matter how efficient it is, it cannot work. For a silly analogy, we can think of electric cars: sure they may be more efficient, but what does that matter if lithium is a renewable and ultimately therefore not sustainable resource?

One alternative to the model I proposed is the [Three Sisters Crop Rotation](https://www.nal.usda.gov/collections/stories/three-sisters). Accomplishes some of what livestock rotation can... the crux being that bean plants are able to fix nitrogen into the soil, corn provides tall, quick growing stalks for the beans to grow upon, and squash helps keep water in the soil. We're looking for symbiotic relationships here between soil, crop, and required nutrients. Animals are one way to do the trick... maybe there are others. You'll help me find out I'm sure!

EDIT EDIT: (lol)

The holy grail for me is PEER REVIEWED RESEARCH. If you've got one of those ""sustainable farming practices"" and there's an article that share *quantitative results*, share it! I'll post them here. I'll also post the research I've encountered here, so we can all gander together. Thank you folks... so much learning here. :)

PRO ANIMAL AGRI:

[Animal board invited review: Animal source foods in healthy, sustainable, and ethical diets](https://pubmed.ncbi.nlm.nih.gov/35158307/)

[Impacts of soil carbon sequestration on life cycle greenhouse gas emissions in Midwestern USA beef finishing systems](https://www.sciencedirect.com/science/article/pii/S0308521X17310338)

[Increasing pasture forage production, soil organic carbon, and reducing soil respiration rates in southeastern USA ranches](https://pubmed.ncbi.nlm.nih.gov/35873909/)

[Loss of grazing by large mammalian herbivores can destabilize the soil carbon pool](https://www.pnas.org/doi/10.1073/pnas.2211317119)

[Can pasture-fed livestock farming practices improve the ecological condition of grassland in Great Britain?](https://besjournals.onlinelibrary.wiley.com/doi/10.1002/2688-8319.12191)

ALTERNATIVES:

[Nitrogen fixation by common beans in crop mixtures is influenced by growth rate of associated species](https://bmcplantbiol.biomedcentral.com/articles/10.1186/s12870-023-04204-z)

[https://online.eou.edu/resources/article/veganic-farming-importance-of-sustainable-agriculture/](https://online.eou.edu/resources/article/veganic-farming-importance-of-sustainable-agriculture/)

[https://www.nature.com/articles/s43016-022-00584-x](https://www.nature.com/articles/s43016-022-00584-x)

[https://tos.org/oceanography/article/transforming-the-future-of-marine-aquaculture-a-circular-economy-approach](https://tos.org/oceanography/article/transforming-the-future-of-marine-aquaculture-a-circular-economy-approach)

[https://eatforum.org/content/uploads/2019/11/Seafood\_Scoping\_Report\_EAT-Lancet.pdf](https://eatforum.org/content/uploads/2019/11/Seafood_Scoping_Report_EAT-Lancet.pdf)

[https://www.europarl.europa.eu/RegData/etudes/STUD/2024/757806/EPRS\_STU(2024)757806\_EN.pdf](https://www.europarl.europa.eu/RegData/etudes/STUD/2024/757806/EPRS_STU(2024)757806_EN.pdf)

[https://magazin.tu-braunschweig.de/en/pi-post/phosphorus-recycling-from-sewage-sludge-to-plant-fertilise/](https://magazin.tu-braunschweig.de/en/pi-post/phosphorus-recycling-from-sewage-sludge-to-plant-fertilise/)","Vegan Agriculture Is Not Sustainable Title aside, I am looking for ideas from you knowledgable lovey folks; I am curious if you can point..."
875s7c,2018-03-25,Futurology,neutral,-0.3206261098384857,positive,0.84354845341295,-1.1641745632514358,1.1641745632514358,"""'Clean' meat has been science fiction and now it is science fact"": but what's so 'clean' about it? - “‘Clean’ beef would take up 99% less land, produce 96% fewer greenhouse gas emissions and over 90% less water to produce the same amount of beef”","""'Clean' meat has been science fiction and now it is science fact"": but what's so 'clean' about it? - “‘Clean’ beef would take up 99% les..."
y9849v,2022-10-20,vegan,negative,-0.8483949303627014,neutral,0.3087949976325035,-1.157189927995205,1.157189927995205,"Just a quick reminder that MrBeast sucks [""Did you guys know that a glass of milk is made with 20% less emissions than 15 years ago?""](https://youtu.be/6T67I2w1G2U?t=280)

I couldn't find a source for this. And no, he doesn't give one in his comments since the source he gives is ""undeniably dairy"" who in return also just source themselfs. The only thing I could find after searching is [this reddit post that says](https://www.reddit.com/r/science/comments/uu96qs/between_2003_and_2018_the_dietrelated_greenhouse/) ""Between  2003 and 2018, the diet-related greenhouse gas emissions of US citizens  has fallen 35% as Americans have shifted away from beef and other  animal-based foods."" anything else didn't provide an actual source.

Upon looking into the side MrBeast states however, it says the following:

"" Efficiencies aside, what sticks out to Mitloehner more is that  research conducted in 2007 found the dairy industry accomplished this  with 65% less water, 90% less land, a 63% smaller carbon footprint and  76% less manure than in 1944. An update of this research revealed more  good news for dairy. Producing a gallon of milk in 2017 involved 30%  less water, 21% less land, a 19% smaller carbon footprint and 20% less  manure than it did in 2007.""

An actual source for this isn't given as far as I know. I found one source that agrees that animal products are ""less destructive"" than a few decades ago but it also said the following:  ""Contrary to the negative image often associated with “[factory farms](https://academic.oup.com/jas/article/87/6/2160/4731307),”  fulfilling the requirement for dairy products of the US population while  improving environmental stewardship can only be achieved by using  modern agricultural techniques""

Lets keep also the following in mind:

""In 1961, there were 2.5 land animals farmed for each human; **in** [2020](https://www.vox.com/future-perfect/2022/9/12/23339898/global-meat-production-forecast-factory-farming-animal-welfare-human-progress) **there were 9.5, a 280 percent jump""**

So the animal farming got ""less bad"" the more animals got put into factory farms since they need less land, less water, less resources overall, less food since the animals in these farms don't burn fat by things like walking and live less meaning they cant create as many emissions. It is a proven fact that [factory farms are less harmful than free range farms.](https://www.oxfordmartin.ox.ac.uk/downloads/reports/fcrn_gnc_report.pdf) So MrBeast is promoting dairy with numbers that are probably not only not true but also made by putting animals in factory farms where they suffer and living in a literal [hell](https://www.youtube.com/watch?v=LQRAfJyEsko). This is the same guy who once said that he ""personally took a VR tour through a dairy farm to make sure the cows are happy."" He doesn't care about cows. That was obvious from the point he made a fastfood chain with cheap meats and dairy products. He doesn't care about the planet. Oh and speaking of the planet. Even if what they said above was true, it would be more pathetic than anything. Meat is still the biggest reason for [deforestation](https://www.sciencedirect.com/science/article/abs/pii/S0048969715303697), [rainforest destruction](https://ourworldindata.org/soy), [biggest reason for ocean deadzones](https://blogs.ubc.ca/makingwaves/2017/02/07/cows-pigs-and-poultry-the-leading-cause-of-ocean-dead-zones/), [biggest reason for antibiotic resistance](https://www.who.int/news/item/07-11-2017-stop-using-antibiotics-in-healthy-animals-to-prevent-the-spread-of-antibiotic-resistance), [vegan diets still make far less emissions and are the best food system](https://www.sciencedirect.com/science/article/pii/S0048969720328709), [take up 75% of total farmland which is the equivalent to several continents together](https://www.science.org/doi/full/10.1126/science.aaq0216) and more. I don't care if they reduced 10% or 90% these numbers and facts are still terrible and not something one should promote.

Imagine someone promotes a drink and is like ""This drink has now 50% less sugar than 10 years ago!"" but the drink still has 50g of sugar in it. 50% less sounds impressive but it is terrible and just shows that the system itself isn't sustainable at all, especailly if the only way to get these numbers down is through terribly unethical methods.

I want to remeind everyone that MrBeast DOES NOT GIVE A SINGLE SHIT about the planet or the animals. When he planted 20 million trees he did that for marketing. When he cleaned the oceans he did that for marketing. He probably tells himself that he cares for animals but he doesn't give a shit because either he is ignoring the reality of the situation and the products he is selling/promoting or he just doesn't care enough to look into it before spending millions on it. Either way, he doesn't care. He isn't a good person. He isn't your friend and he isn't someone worth looking up to. He is someone very privileged who does mostly shallow things.

People like Moistcritikal who say stuff like ""Oh vegan is the future, beyond meat is already tastier and better for the planet than actual meat and more ethical but I cant be vegan because its too expensive"" while also SAYING THEMSELFS that they have several tens of thousands a month that they admit THEMSELFS they dont need for anything at all and are just piles of money that they have on the side are the same.

Don't idolize people like that. They may do kind things like here and there donate to chairy, which is unironically just a good thing to do, but always remember that they have INFINITELY more than you and still give less than they should, while behind our backs, try to secretly gain more money by any means necessary, no matter how destructive or unethical.

But don't worry. I am sure MrBeast will give out some [lamborghinis](https://youtu.be/6T67I2w1G2U?t=136) sometime again.","Just a quick reminder that MrBeast sucks [""Did you guys know that a glass of milk is made with 20% less emissions than 15 years ago?""](ht..."
1otem66,2025-11-10,vegan,negative,-0.6720408201217651,positive,0.4782734364271164,-1.1503142565488815,1.1503142565488815,"Butcher shops were vandalized in Lausanne (Switzerland) on October 19 Below is a copy of the statement of demands relating to the butcher shops that were vandalized in Lausanne on October 19:

On Sunday, October 19, five butcher shops had their windows smashed in Lausanne.


According to a study, a 100% vegan diet (rejecting products from livestock farming and fishing) emits seven times less greenhouse gases, uses seven times less water and six times less arable land, and would therefore guarantee a viable future for humans and all other sentient beings on this planet (Mazac et al., Nature Food (2022): https://www.nature.com/articles/s43016-022-00489-9 ). 

Our diet must therefore be entirely plant-based. 

According to another study,  
phasing out animal agriculture over a 15-year period starting today would neutralize global warming over the period 2030-2060, which in other words means that it would completely offset the warming effect of all other human greenhouse gas emissions over that period (Eisen M. B. , Brown P. O. (2022). Rapid global phaseout of animal agriculture has the potential to stabilize greenhouse gas levels for 30 years and offset 68 percent of CO2 emissions this century. PLOS Clim 1(2).

Animal agriculture must therefore be stopped.

Furthermore, speciesism is the act of disregarding the lives and interests of other animals simply because they are of a different species. However, as sentient beings, we all have an interest in having pleasant experiences. In order to have pleasant experiences, we must live. We, as sentient beings, therefore have an interest in living. We have an interest in living as long and as happily as possible.


Furthermore, species do not exist. The “species” is a pre-Darwinian concept.



Animals have desires, preferences, they feel sadness and joy. They have personalities. They are therefore psychologically persons. The prohibition of killing humans but not other animals predates Darwin. After Darwin, prohibiting the killing of humans but not other animals is completely absurd.



Our lawmakers must amend the penal code so that the killing of all animals is prohibited, at least under penalty of a fine.


We call on all retailers (butchers, grocery stores, Migros, Coop, Denner, Lidl, Aldi) to immediately stop selling animal products.



We call on Parliament to amend the Civil Code to prohibit the sale of animal products. 



We call on every individual to do what they can to promote a plant-based diet in society.

**************************

Below you will find answers to frequently asked questions on this topic.



Don't animals eat each other?



It is true that some animals, such as hyenas and tigers, eat other animals, just as it is true that hippos and elephants are vegan. If someone defecated in the street on the grounds that many animals, such as dogs and pigeons, do not use toilets, we would think they were crazy. So how can we understand the use of the same rhetoric to try to justify eating meat on the grounds that some animals eat others? Unlike hyenas and tigers, humans know how to grow grains and legumes and can act in a civilized manner by choosing to respect the lives of sentient beings.



Isn't it natural to eat animals?



One might wonder whether slaughterhouses and trucks that transport animals are natural or not, whether raising and consuming animal flesh is natural, or whether these practices are, on the contrary, the result of a social construct. But it is also easy to realize that regardless of the answer to these questions, one simple fact remains: we can live without eating sentient beings and without inflicting on them what we would not want done to us.

Earthquakes and tsunamis are completely natural phenomena, yet when they cause thousands of injuries and deaths, we do not say that what happened is okay because it is natural. On the contrary, we try to do everything we can to save the survivors and find shelter for all these people. When a person is very angry with someone who has hurt them, they may have a natural urge to kill them, but that does not mean it is not a bad thing to do. These examples clearly show that the question “Is it natural?” is very different from the question “Is it good for all sentient beings?” and it is the latter that must be asked when considering the ethical value of an action.



It is a tradition/an ancestral practice.



A practice may have existed for a very long time, but its continuity says absolutely nothing about whether it is right or wrong. For example, murder, rape, and war have also existed for thousands of years, but that is no argument for them to continue. Public executions and torture (which were very popular with the people at the time) were also a deeply rooted tradition in the Middle Ages, and if we had given credence to this pseudo-argument of tradition, we would still see them today. A civilized society has a duty to get rid of barbaric traditions.



If animals had a happy life on farms, couldn't we eat them?



If a sentient being has a happy life, we should let it live so that it can enjoy its happiness. Killing someone who has led a life full of suffering so that they no longer suffer may be understandable, but giving ourselves the right to murder a being because it is happy is completely absurd.



Without humans, these animals would not exist, so why not kill them?



Children exist thanks to their parents, but that obviously does not mean that parents can kill their children just because they exist thanks to them. Similarly, the fact that farm animals exist thanks to humans does not mean that we can kill them to cook their flesh. Furthermore, keeping animals as slaves (considered someone's property) for the purpose of killing them for culinary pleasure, profit, or tradition is fundamentally unjust.  



Animal exploitation provides jobs and is good for the economy, isn't it?



When a practice is unjust, it does not magically become moral just because it makes money. The fact that arms trafficking feeds families does not mean that it is right, but that traffickers need another way to support themselves. In the same way, people working in the animal agriculture sector need to be retrained. It's interesting to note that the Soyasun company was created by a family of dairy farmers who wanted to switch to producing soy products. Every year, animal agriculture receives millions in government subsidies, money that should instead be used to help workers in this sector retrain.



Won't there be too many animals if we stop eating them?



People who are in favor of closing slaughterhouses say that we must stop breeding sentient beings for the purpose of killing them, which would result in a reduction in the number of these animals, not overpopulation. Many people say that we should just leave a few sanctuary farms (such as this one: http://www.peacefulprairie.org/) where animals can enjoy their lives until the end without one day being forced against their will into trucks transporting them to the slaughterhouse.

 What about freedom in all this? Everyone does what they want, right?

Freedom must be respected, including that of other animals, and locking them up against their will in a truck transporting them to the slaughterhouse where they will be killed for the simple pleasure of taste is clearly contrary to their freedom. Individual freedom cannot be used to justify activities that cause major harm to others, otherwise we could also justify cannibalism by saying that everyone is free to be a cannibal. Humans can choose not to be predators, so they have a moral duty to stop killing sentient beings. Furthermore, to say that everyone does what they want in order to justify the continuation of slaughterhouses is to forget that other animals do not want to be killed and end up on our plates.



Aren't plants living beings too?



Yes, plants are living beings, just like bacteria, but they are not sentient beings, and it is sentience that makes life worth living. During evolution, certain beings that could move developed the capacity for sentience. This, along with the ability to feel pleasure and pain, told them to move to places that were favorable to them and avoid those that were unfavorable. Animals that could move had a selective advantage in possessing it. However, since plants are immobile and sentience requires a lot of energy, it would be a major selective disadvantage for them. In the same way that a person on life support can have a body that functions and reacts perfectly (the heart beating, the skin regenerating in case of injury) without feeling emotions or sensations of pleasure and pain, plants live and react throughout their lives without having these faculties. Furthermore, it is interesting to note that everyone intuitively realizes that there is a big difference between cutting parsley and killing a rabbit, so it is not without reason that slaughterhouses are hidden outside cities.



But what if I still think it's unfair to kill plants?



Several kilograms of plants must be fed to animals in order to “produce” just a small amount of meat. Meat consumption therefore causes the death of the animal and also of the plants used to feed it. Consequently, people who think it is unfair to kill plants must also boycott meat and campaign for the abolition of commercial farming.

What if animals were killed with “respect,” as the Native Americans did?

In slaughterhouses, animals are not killed with a bow and arrow while asking for forgiveness, so anyone who supports this kind of method should also boycott slaughterhouses and refuse to eat animals. Even if it is true that the Apaches based their survival on killing animals, they were a minority among Native Americans, who often preferred to grow corn, and many tribes had a purely plant-based diet, such as the Choctaws, the Mayans, and the Zapotecs. Furthermore, “respect” is a state of mind that a human being (in this case, the hunter) has, but from the point of view of the deer that has an arrow piercing its body, it doesn't matter if someone asks for forgiveness after killing it; what it wanted was simply to continue living its life, and it is from the animal's point of view that we must determine whether an act concerning it is right.

Don't we need protein?

Yes, of course, and it can be found in sources other than animal products. Protein is found in rice, bread, wheat germ, chickpeas, millet, beans, lentils, walnuts, hazelnuts, pistachios, almonds, etc.



Meat and leather, I understand, but what's the problem with eggs and milk?



In the egg production industry, chicks are sorted by sex at birth. Male chicks, which cannot produce eggs, are simply killed (crushed alive or gassed) and then discarded. The females are used as egg-producing machines and are sent to the slaughterhouse as soon as they are no longer productive enough. Cows, which have been genetically selected for decades to create more efficient “dairy breeds,” can now produce between 6,000 and 12,000 liters of milk per year, or 20 to 40 liters per day—10 times more than their ancestors in the 1950s. To produce milk, a cow, like a woman or any other mammal, must first have a calf. In Switzerland, 90% of cows are inseminated, and each pregnancy lasts nine months. Often, the calf is separated from its mother a few days after giving birth, causing distress and confusion for both the cow and her calf. The cow is then inseminated again to continue producing milk. She is sent to the slaughterhouse at around 6 years of age, as she is no longer profitable beyond that age, even though she could live to be 20 years old.



But don't we need calcium and other nutrients?



Calcium is found in cabbage, broccoli, almonds, watercress, parsley, dates, figs, cocoa, oranges, pistachios, and even in tap water or mineral waters rich in calcium. Iron is found in lentils, dried beans, chickpeas, split peas, parsley, watercress, molasses, and tofu. It is worth noting that plant-based iron is much better absorbed in the presence of vitamin C. For example, you can add a little lemon juice to a lentil dish to improve iron absorption. For vitamin D, simply expose your skin to the sun. This vitamin is synthesized by the skin when exposed to sunlight, even on cloudy days. Vitamin B12 is found in multivitamin fruit juices, fortified products such as margarine, vegan steaks, breakfast cereals, and even some hot chocolate mixes. Vitamin B12 tablets derived from bacterial cultures are also available, notably those from the Vegan Society (Veg1). Omega-3 and omega-6 fatty acids are found in rapeseed oil, walnut oil, flax seeds, vegetable margarine, walnuts, hazelnuts, almonds, sunflower seeds, and sesame seeds.",Butcher shops were vandalized in Lausanne (Switzerland) on October 19 Below is a copy of the statement of demands relating to the butcher...
8wgm3b,2018-07-05,climate,negative,-0.5877571105957031,positive,0.5301771555095911,-1.1179342661052942,1.1179342661052942,'Bleeding' vegan burger requires 95% less land and creates 87% less greenhouse gas emissions than it's beef counterpart,'Bleeding' vegan burger requires 95% less land and creates 87% less greenhouse gas emissions than it's beef counterpart
17bqm2w,2023-10-19,vegan,negative,-0.6741930842399597,neutral,0.4428412960842252,-1.117034380324185,1.117034380324185,"Corporations only care about profit and their attempts at justice are full of shit. I have to attend a work conference. One of the keynotes is the head of sustainability at Danone (a food production company who pumps out a crap ton of dairy products. 

The whole conference is about how for-profit companies can address racial and climate justice, a bunch of companies talk about how they try to work with remote communities and indigenous groups to make sure marginalized people can be supported. All that is cool. 

After the Danone rep said the company is focused on reducing their green house has emissions, during the Q&A asked the Danone guy, ""you guys have an increasing plant based portfolio, is transitioning away from dairy a part of your commitment to reducing your emissions?""

His response was nope and that they are focused on integrating regenerative ag into dairy production and that people have the right to choose between plant based and animal products. 

Even the facilitator was like ""Woah, that's a big question "". 

This conference is supposed to be about climate justice and we have uneducated corporate fluffs presenting as keynote speakers. 

Like it makes it so daunting to engage in any advocacy.",Corporations only care about profit and their attempts at justice are full of shit. I have to attend a work conference. One of the keynot...
1b253zx,2024-02-28,climatechange,neutral,-0.2324530035257339,positive,0.7869647657498717,-1.0194177692756057,1.0194177692756057,"Burn Methane What if the Methane that for example is created by cows in an American Feedlot gets Collected and then burned instead of being released into the atmosphere?   
Since Methane is 28 times as potent as CO2 at trapping heat in the atmosphere, the Methane Emissions of just the Feedlots in the USA are equivalent to almost 3 Billion Tons of CO2 per year. If you would catch and burn the methane across all the feedlots, it would result in a 10 times decrease of emmisions ( Would produce about 365'000 liters of Water, some power and about 804 Tons of CO2 per Day )  
Wouldn't that be better for the climate?",Burn Methane What if the Methane that for example is created by cows in an American Feedlot gets Collected and then burned instead of bei...
yykpv6,2022-11-18,environment,negative,-0.8097089529037476,neutral,0.2087661735713482,-1.0184751264750957,1.0184751264750957,"Why You Shouldn’t Buy “Low Methane Beef” | A closer look at the products carrying this label, however, reveals that they are anything but climate-friendly.","Why You Shouldn’t Buy “Low Methane Beef” | A closer look at the products carrying this label, however, reveals that they are anything but..."
pikq9z,2021-09-05,ZeroWaste,neutral,-0.216667890548706,positive,0.8016347885131836,-1.0183026790618896,1.0183026790618896,"Faux leather alternative? I make journals, I've been practicing for a few years now and am ready to take my next step to opening my small business... I didn't realize until after I bought a yard of faux leather though that its' made of plastic. Is there a leather-type alternative that I could test out? I don't feel comfortable working with real leather.","Faux leather alternative? I make journals, I've been practicing for a few years now and am ready to take my next step to opening my small..."
p5h6vb,2021-08-16,environment,negative,-0.4726819396018982,positive,0.5381244495511055,-1.0108063891530037,1.0108063891530037,"In dairy-dominated Tulare County in California's Central Valley, community activists say there's no evidence that manure digesters, touted as an efficient way to handle agricultural emissions, provide environmental benefits to residents.","In dairy-dominated Tulare County in California's Central Valley, community activists say there's no evidence that manure digesters, toute..."
jj37r0,2020-10-27,science,negative,-0.6178138256072998,neutral,0.39165282621979713,-1.009466651827097,1.009466651827097,The removal of dairy cattle from US agriculture would only reduce greenhouse gas emissions by 0.7 percent and lower the available supply of essential nutrients for the human population. The US dairy industry contributes roughly 1.58 percent of the total US greenhouse gas emissions.,The removal of dairy cattle from US agriculture would only reduce greenhouse gas emissions by 0.7 percent and lower the available supply ...
dbv52d,2019-10-01,farming,neutral,0.2701754570007324,negative,-0.7389379851520061,1.0091134421527386,1.0091134421527386,Casual day on the highway,Casual day on the highway
10rxapj,2023-02-02,climate,neutral,-0.0985527634620666,positive,0.898528057616204,-0.9970808210782707,0.9970808210782707,Brown gold: the great American manure rush begins | The energy industry is turning waste from dairy farms into renewable natural gas – but will it actually reduce emissions?,Brown gold: the great American manure rush begins | The energy industry is turning waste from dairy farms into renewable natural gas – bu...
