id,created_date,subreddit,sentiment,sentiment_score,climatebert_sentiment,climatebert_sentiment_score,abs_score_diff,raw_text,text_preview
bnsw4a,2019-05-12,ClimateOffensive,positive,0.955322265625,positive,0.9690915076062083,0.013769241981208324,"This Mother’s Day, give your mom the best gift of all: the opportunity to make a better world for her grandkids by giving you money! Okay, maybe it’s not a great Mother’s Day present, but you should still share our fundraiser with your family and friends!

We’re raising money to help the Climate Foundation build the first kelp platform off the coast of Tasmania. Kelp is one of the most efficient ways to sequester carbon, replenish ecosystems, and deacidify the oceans. It also has a ton of consumer applications, from biofuels to cow feed that significantly reduces their methane production.

Here’s the donation link: https://www.theintrepidfoundation.org/climateoffensive-1

100% of donations go toward the project’s $350K goal, and all donations are matched by the Intrepid Foundation.","This Mother’s Day, give your mom the best gift of all: the opportunity to make a better world for her grandkids by giving you money! Okay..."
124w4jr,2023-03-28,sustainability,positive,0.949238121509552,positive,0.9482235079631209,0.0010146135464310646,"This Week's Positive Climate News Hey r/sustainability! After the amazing response to the last post, here's a follow-up post with a collection of this week's Positive climate news to balance out the Doom & Gloom. Hope everyone's day is brighter!!

# Positive climate News

&#x200B;

**Kelp Farming May Help Clean Polluted Waterways and Fight Climate Change**

March 22nd, 2023

**Summary:** Kelp has a unique ability to absorb pollutants and restore marine ecosystems. These folks are testing out how much they would need to grow to balance out pollution in the New York Harbor. While this kind of kelp farming is not fit for eating, it holds great promise for dealing with harmful contaminants in our waterways.

### [Link to full article. ](https://www.thecity.nyc/environment/2023/3/22/23651020/kelp-farming-climate-solution-polluted-waterways)

**This young farmer is helping to heal her community’s connection to the land**

March 22nd, 2023

**Summary:** Jonshell Johnson-Whitten is empowering her community to grow their own food and participate in green policy conversations that affect them. She is a community farmer and advocate in New Orleans Lower Ninth Ward, a food desert area that was hit hard by Hurricane Katrina. Read how Johnson-Whitten became an agent of change and why she believes farming is healing.

### [Link to full article. ](https://grist.org/looking-forward/this-young-farmer-is-helping-to-heal-her-communitys-connection-to-the-land/)

**​​Meet the ‘methane man’ with a mission: Using microbes to eat up the greenhouse gas**

March 22nd, 2023

**Summary:** What if we could use methane-eating microbes to reduce agriculture’s carbon footprint? A new company called Windfall Bio is selling the stuff to a pilot group of farmers to answer that very question. Considering methane is 80 times more potent than CO2, this technology could have some interesting uses across industries. Read how the CEO got investors to care about cow burps and what his plans are for the future.

### [Link to full article. ](https://www.cnbc.com/2023/03/22/windfall-bio-comes-out-of-stealth-with-methane-eating-microbes.html)

**‘A living pantry’: how an urban food forest in Arizona became a model for climate action**

March 21st, 2023

**Summary:** This local resident runs an urban food forest in the third-fastest warming city in the US. Not only is he inspiring many others to start harvesting their own water and growing native plants, but he also provides food and much needed shade for his neighbors. Read about how we can deal with our warming cities in long-lasting ways that also make our yards more beautiful and strengthen food security.

### [Link to full article. ](https://www.theguardian.com/environment/2023/mar/21/urban-food-forest-dunbar-spring-tucson-arizona-climate-crisis-drought)

**Biden Administration Unveils Nation’s First Ocean Climate Action Plan**

March 21st, 2023

**Summary:** A healthy climate is dependent on healthy oceans, and healthy oceans on a healthy climate. All of which will have a tremendous impact on jobs, the resilience of coastal communities, and the fishing industry. That’s why the Biden administration released an Ocean Climate Action Plan last week–a first for the United States. Read about the plan’s three main goals and how it aims to advance climate solutions.

### [Link to full article. ](https://www.ecowatch.com/biden-ocean-climate-action-plan.html)

**Michigan woman helps neighbors go solar**

March 20th, 2023

**Summary:** What started as one neighborly get-together to talk about solar energy has turned into more than 500 new solar installations. Julie Roth of Ann Arbor, Michigan has replicated the success of her first gathering many times over. Read more.

### [Link to full article. ](https://yaleclimateconnections.org/2023/03/michigan-woman-helps-neighbors-go-solar/)

**These Small- and Medium-Sized States Punch Above Their Weight in Renewable Energy Generation**

March 16th, 2023

**Summary:** The US state with the most solar and wind electricity generation is not the one you think! Read more about which small states are advancing the switch to renewables and what makes the move attractive for local politicians across party lines.

### [Link to full article. ](https://insideclimatenews.org/news/16032023/inside-clean-energy-renewable-wind-iowa/)

**Oyster mushrooms expected to break down toxins and microplastics in cigarette butts in Australian trial**

March 15th, 2023

**Summary:** Australia is trying to do something about the 9 billion cigarette butts that get thrown out every year. Instead of ending up emitting methane in a landfill or posing a threat to sea life, they might actually be of use to us. Read how these fungi scientists are speeding up the time it takes cigarettes to break down by 700-fold!

### [Link to full article. ](https://www.theguardian.com/australia-news/2023/mar/16/oyster-mushrooms-expected-to-break-down-toxins-and-microplastics-in-cigarette-butts-in-australian-trial)

**Hollywood’s Climate Adviser**

March 10th, 2023

**Summary:** Storytelling is a powerful tool for revealing problems and imagining better futures. But only 2.8% of tv and movies mentioned climate-related keywords between 2016 and 2020. Anna Jane Joyner sees this as a lost opportunity, so she’s changing it. Joyner is giving screenwriters a playbook to help them tell these stories. Read how it’s going.

### [Link to full article. ](https://www.nytimes.com/2023/03/10/climate/climate-movies-oscars.html)

**2023 State Climate Policy Trends — What’s on the Horizon This Year**

February 16th, 2023

**Summary:** We hear that we need more policy to advance climate solutions and environmental protections. But what’s actually happening? Climate XChange tracks climate related policies as they pass and helps policy experts connect with each other across states to exchange tips on what’s working. Read the recap of their latest monthly webinar on what trends, successes, and opportunities experts are seeing for climate policy.

### [Link to full article. ](https://climate-xchange.org/2023/02/16/webinar-recap-2023-state-climate-policy-trends-whats-on-the-horizon-this-year/)","This Week's Positive Climate News Hey r/sustainability! After the amazing response to the last post, here's a follow-up post with a colle..."
155ichk,2023-07-21,energy,positive,0.9430913925170898,positive,0.9498330838978291,0.006741691380739212,Tribes and dairy farmers made a model renewable energy program. It’s about to get even better,Tribes and dairy farmers made a model renewable energy program. It’s about to get even better
apz74s,2019-02-12,farming,positive,0.9399712681770324,positive,0.39051632583141327,0.5494549423456191,Cows are good for the soul,Cows are good for the soul
1h59blr,2024-12-02,environmental_science,positive,0.9338595271110536,positive,0.9273192891851068,0.0065402379259468235,Seaweed has proven to be a promising tool for making cattle farming more sustainable. It was announced that seaweed reduces methane emissions in grazing cattle by 40%.,Seaweed has proven to be a promising tool for making cattle farming more sustainable. It was announced that seaweed reduces methane emiss...
