id,created_date,subreddit,sentiment,sentiment_score,vader_sentiment,vader_sentiment_score,score_diff_roberta_minus_vader,abs_score_diff,raw_text,text_preview
y9849v,2022-10-20,vegan,negative,-0.8483949303627014,positive,0.9935,-1.8418949303627015,1.8418949303627015,"Just a quick reminder that MrBeast sucks [""Did you guys know that a glass of milk is made with 20% less emissions than 15 years ago?""](https://youtu.be/6T67I2w1G2U?t=280)

I couldn't find a source for this. And no, he doesn't give one in his comments since the source he gives is ""undeniably dairy"" who in return also just source themselfs. The only thing I could find after searching is [this reddit post that says](https://www.reddit.com/r/science/comments/uu96qs/between_2003_and_2018_the_dietrelated_greenhouse/) ""Between  2003 and 2018, the diet-related greenhouse gas emissions of US citizens  has fallen 35% as Americans have shifted away from beef and other  animal-based foods."" anything else didn't provide an actual source.

Upon looking into the side MrBeast states however, it says the following:

"" Efficiencies aside, what sticks out to Mitloehner more is that  research conducted in 2007 found the dairy industry accomplished this  with 65% less water, 90% less land, a 63% smaller carbon footprint and  76% less manure than in 1944. An update of this research revealed more  good news for dairy. Producing a gallon of milk in 2017 involved 30%  less water, 21% less land, a 19% smaller carbon footprint and 20% less  manure than it did in 2007.""

An actual source for this isn't given as far as I know. I found one source that agrees that animal products are ""less destructive"" than a few decades ago but it also said the following:  ""Contrary to the negative image often associated with “[factory farms](https://academic.oup.com/jas/article/87/6/2160/4731307),”  fulfilling the requirement for dairy products of the US population while  improving environmental stewardship can only be achieved by using  modern agricultural techniques""

Lets keep also the following in mind:

""In 1961, there were 2.5 land animals farmed for each human; **in** [2020](https://www.vox.com/future-perfect/2022/9/12/23339898/global-meat-production-forecast-factory-farming-animal-welfare-human-progress) **there were 9.5, a 280 percent jump""**

So the animal farming got ""less bad"" the more animals got put into factory farms since they need less land, less water, less resources overall, less food since the animals in these farms don't burn fat by things like walking and live less meaning they cant create as many emissions. It is a proven fact that [factory farms are less harmful than free range farms.](https://www.oxfordmartin.ox.ac.uk/downloads/reports/fcrn_gnc_report.pdf) So MrBeast is promoting dairy with numbers that are probably not only not true but also made by putting animals in factory farms where they suffer and living in a literal [hell](https://www.youtube.com/watch?v=LQRAfJyEsko). This is the same guy who once said that he ""personally took a VR tour through a dairy farm to make sure the cows are happy."" He doesn't care about cows. That was obvious from the point he made a fastfood chain with cheap meats and dairy products. He doesn't care about the planet. Oh and speaking of the planet. Even if what they said above was true, it would be more pathetic than anything. Meat is still the biggest reason for [deforestation](https://www.sciencedirect.com/science/article/abs/pii/S0048969715303697), [rainforest destruction](https://ourworldindata.org/soy), [biggest reason for ocean deadzones](https://blogs.ubc.ca/makingwaves/2017/02/07/cows-pigs-and-poultry-the-leading-cause-of-ocean-dead-zones/), [biggest reason for antibiotic resistance](https://www.who.int/news/item/07-11-2017-stop-using-antibiotics-in-healthy-animals-to-prevent-the-spread-of-antibiotic-resistance), [vegan diets still make far less emissions and are the best food system](https://www.sciencedirect.com/science/article/pii/S0048969720328709), [take up 75% of total farmland which is the equivalent to several continents together](https://www.science.org/doi/full/10.1126/science.aaq0216) and more. I don't care if they reduced 10% or 90% these numbers and facts are still terrible and not something one should promote.

Imagine someone promotes a drink and is like ""This drink has now 50% less sugar than 10 years ago!"" but the drink still has 50g of sugar in it. 50% less sounds impressive but it is terrible and just shows that the system itself isn't sustainable at all, especailly if the only way to get these numbers down is through terribly unethical methods.

I want to remeind everyone that MrBeast DOES NOT GIVE A SINGLE SHIT about the planet or the animals. When he planted 20 million trees he did that for marketing. When he cleaned the oceans he did that for marketing. He probably tells himself that he cares for animals but he doesn't give a shit because either he is ignoring the reality of the situation and the products he is selling/promoting or he just doesn't care enough to look into it before spending millions on it. Either way, he doesn't care. He isn't a good person. He isn't your friend and he isn't someone worth looking up to. He is someone very privileged who does mostly shallow things.

People like Moistcritikal who say stuff like ""Oh vegan is the future, beyond meat is already tastier and better for the planet than actual meat and more ethical but I cant be vegan because its too expensive"" while also SAYING THEMSELFS that they have several tens of thousands a month that they admit THEMSELFS they dont need for anything at all and are just piles of money that they have on the side are the same.

Don't idolize people like that. They may do kind things like here and there donate to chairy, which is unironically just a good thing to do, but always remember that they have INFINITELY more than you and still give less than they should, while behind our backs, try to secretly gain more money by any means necessary, no matter how destructive or unethical.

But don't worry. I am sure MrBeast will give out some [lamborghinis](https://youtu.be/6T67I2w1G2U?t=136) sometime again.","Just a quick reminder that MrBeast sucks [""Did you guys know that a glass of milk is made with 20% less emissions than 15 years ago?""](ht..."
zlz6g9,2022-12-14,climatechange,negative,-0.7466270327568054,positive,0.9886,-1.7352270327568053,1.7352270327568053,"The Impact of Climate Change on Biodiversity and the Struggle for Survival **Introduction:**

The decline of biodiversity is a massive problem that is only compounded by climate change. Human activities such as deforestation, overfishing, and the burning of fossil fuels have drastically altered the natural world and continue to put pressure on animal and plant species. As global warming accelerates, the ability of species to adapt to these changes becomes increasingly uncertain. 

All over the world, humans are changing nature. Centuries of forest clearing, land consumption through urbanization and industrial development, overfishing, extraction of raw materials and burning of fossil fuels, the rise of modern society was based on a historically unprecedented exploitation of nature. Almost no area of the world is still untouched by humans; on an estimated three-quarters of the land surface, they are putting pressure on nature ([Venter et al. 2016](https://www.researchgate.net/publication/303539404_Editorial_citing_Venter_et_al_2016_article)). And **climate change will further exacerbate problems for animal and plant species.**

For example, the [2005 Millennium Ecosystem Assessment Report](https://www.millenniumassessment.org/documents/document.356.aspx.pdf) (an environmental report of comparable scope to the IPCC's climate reports) drew a grim conclusion: **60 percent** of all ecosystems were already degraded at that time. The extinction rate was **already a hundred to a thousand times higher** than usual in the history of the earth. In Southeast Asia, for example, up to **42 percent of all species could become extinct by 2100 simply due to deforestation and habitat fragmentation**, according to one study ([Brook 2003](https://www.researchgate.net/publication/200032746_Vulnerability_Risk_and_Adaptation_A_Conceptual_Framework)).

Global warming by humans is already rapid and will accelerate in the coming decades. The IPCC predicts warming of up to **0.5 °C per decade** by the end of the century, which is up to a **hundred times faster than the warming at the end of the last ice age.** One study found that current global warming is proceeding about **170 times faster** than natural climate changes. ([Gaffney/Steffen 2017](https://www.stockholmresilience.org/publications/publications/2018-06-26-the-anthropocene-equation.html)).

A study of more than 500 species concluded that, given the amount of global warming expected this century, **adaptation should be several thousand times faster** than has been observed in species to date ([Quintero/Wiens 2013](https://www.researchgate.net/publication/263062541_Corrigendum_to_Quintero_Wiens_2013)).

Even with an **optimistically estimated warming** of about 2.5 °C by the end of the century, the average global temperature of the Earth's surface would **produce climatic conditions** that last prevailed in the **middle of the Pliocene**, about **three million years ago**. Global warming of 4 °C, on the other hand (which is what it would amount to if greenhouse gas emissions continue unchecked), would **catapult** the Earth back **within just one century** to a climate that would lead in the longer term to a largely ice-free Earth's surface, such as last prevailed during the **Eocene**, **about 35 million years ago**. In contrast, the **average survival time** of a species is only **one to three million years,** so it is entirely possible that in the extremely brief moment of a century, from a geological perspective, **conditions** will arise on Earth that **modern species have never faced**.

In the past, animal and plant species usually **adapted** to climatic changes **by shifting their habitats** to more northerly or southerly latitudes (depending on the warming or cooling of the climate) or to higher or lower mountain altitudes. Evolutionary adaptations also occurred: The most adaptable specimens of a species survived and passed on their resilience to future generations. Today, however, these adaptation strategies are of **little or no help** in most cases due to the reasons mentioned above. Current global climate change is simply **too profound and is occurring too rapidly**.

 In conclusion, the decline of biodiversity and the effects of climate change are **a massive problem** that affects the entire world. It is essential that we take action to address these issues and find solutions to protect biodiversity and combat climate change. This can include reducing our greenhouse gas emissions, protecting natural habitats, and promoting sustainable development. By **taking action now**, we can help ensure that future generations can enjoy the benefits of a healthy and diverse planet.

 Here are some bullet points on what each of us can do to combat climate change:

* Reduce our carbon footprint by driving less, using public transportation, carpooling, or biking
* Use energy-efficient appliances and lighting
* Plant trees and support reforestation efforts
* Support renewable energy sources such as wind and solar power
* Reduce our consumption of meat and dairy products
* Support conservation efforts to protect habitats and biodiversity
* Educate ourselves and others about the impacts of climate change and what we can do to combat it
* Vote for political leaders who prioritize addressing climate change and supporting environmentally-friendly policies.",The Impact of Climate Change on Biodiversity and the Struggle for Survival **Introduction:** The decline of biodiversity is a massive pro...
1i9axxq,2025-01-24,vegan,negative,-0.7375982999801636,positive,0.9763,-1.7138982999801635,1.7138982999801635,"Apparently I am a pretender because of my reasons... Edit: A non-vegan called me a pretender. The vegan I know doesn't even realize they convinced me to this path. 

For a long time I've been known to argue that livestock use too much of our grain, water, and CO2 emissions over the biodiversity we could have in crops to feed people. I always argued we don't need as much meat in our diet, believing in the idea that we couldn't get our protein from other sources.

I started vegan because a vegan friend (not the one calling me a pretender) showed me a documentary called the Game Changer. Watching it I had some arguments against their methodology, mostly identifying that it was more about a preponderance of reduced fat in diets helping athletes perform better over just a vegetable diet itself.  Well, after watching the Game Changer I started reinvestigating my ideas of vegetable diet and a turning point is vague but I think it was vegan fitness subreddit where I was like, how are they so big? I researched and learned that well damn, I can get enough protein in plant matter? Without reservation  this shattered my preconceptions.

Well, my turning point wasn't from watching any of the documentaries uncovering livestock practices, I actually haven't watched any of them, but have heard 3rd hand reading online comments about what it contains. My turning point was that I didn't have any reasonable cause to continue eating meat given my negativity toward totalitarian agriculture necessitated by livestock farming that harms animals in nature to facilitate this.

So a coworker and several others have said I am too idealistic, that what I want can't ever happen, especially when discussing politics. Now a coworker spent an hour telling me how because my original reason for shifting to vegan wasn't built on the same reasons my vegan friend has to not want to participate in the way animals are treated, I am a pretender.

I am a pretender because just a handful of months ago I was an avid meat smoker, doing ribs, pork, etc. It surprises many people around me, because I didn't advertise, they just noticed I was eating veg and turning down meat.  It doesn't compute for them that we had a potluck at work 3 days in a row and the only thing I ate the entire time was the veggie tray. The typical mistake though is that I sometimes forget that chocolate is often milk chocolate, so if I take a candy or cookie they judge me because I won't waste it after touching it and will eat it. Thankfully, the worst that has happened is I accidentally agreed to split a pizza a week ago (after making no mistakes but milk products or before I realized gelatin was ever present in candy) with an old friend forgetting that even though I picked cauliflower crust and veggies, and red sauce for my side it came with cheese. Even the friends I was with understood when I told them that if I'd ordered it with the intention of eating cheese, or considered eating from the side with meat I would have sat there hungry. I still ate and enjoyed it, my testbeds are not different after all. It reminded me that I still have to be careful and mindful out of my home.

But besides, I grew up with riding horses, livestock, and the whole shebang for my entire life; I have chosen to look at livestock, hunting, and dairy in a new light, a darker one. It is an intellectual choice, even if my upbringing remains normalized to it.  I know that my reasons to b vegan could be I can't eat something that stepped in poop, ewww, and I would find my choice as laudable because the end result is.

I think I'm screaming into the void because I do not want to saddle my vegan friend who is a coworker with this, because it feels like I would be trying to turn her against folks. I don't want to complain to her, even if she is an ally. One that doesn't even know she started this since she is in the office rarely.",Apparently I am a pretender because of my reasons... Edit: A non-vegan called me a pretender. The vegan I know doesn't even realize they ...
1otem66,2025-11-10,vegan,negative,-0.6720408201217651,positive,0.9892,-1.661240820121765,1.661240820121765,"Butcher shops were vandalized in Lausanne (Switzerland) on October 19 Below is a copy of the statement of demands relating to the butcher shops that were vandalized in Lausanne on October 19:

On Sunday, October 19, five butcher shops had their windows smashed in Lausanne.


According to a study, a 100% vegan diet (rejecting products from livestock farming and fishing) emits seven times less greenhouse gases, uses seven times less water and six times less arable land, and would therefore guarantee a viable future for humans and all other sentient beings on this planet (Mazac et al., Nature Food (2022): https://www.nature.com/articles/s43016-022-00489-9 ). 

Our diet must therefore be entirely plant-based. 

According to another study,  
phasing out animal agriculture over a 15-year period starting today would neutralize global warming over the period 2030-2060, which in other words means that it would completely offset the warming effect of all other human greenhouse gas emissions over that period (Eisen M. B. , Brown P. O. (2022). Rapid global phaseout of animal agriculture has the potential to stabilize greenhouse gas levels for 30 years and offset 68 percent of CO2 emissions this century. PLOS Clim 1(2).

Animal agriculture must therefore be stopped.

Furthermore, speciesism is the act of disregarding the lives and interests of other animals simply because they are of a different species. However, as sentient beings, we all have an interest in having pleasant experiences. In order to have pleasant experiences, we must live. We, as sentient beings, therefore have an interest in living. We have an interest in living as long and as happily as possible.


Furthermore, species do not exist. The “species” is a pre-Darwinian concept.



Animals have desires, preferences, they feel sadness and joy. They have personalities. They are therefore psychologically persons. The prohibition of killing humans but not other animals predates Darwin. After Darwin, prohibiting the killing of humans but not other animals is completely absurd.



Our lawmakers must amend the penal code so that the killing of all animals is prohibited, at least under penalty of a fine.


We call on all retailers (butchers, grocery stores, Migros, Coop, Denner, Lidl, Aldi) to immediately stop selling animal products.



We call on Parliament to amend the Civil Code to prohibit the sale of animal products. 



We call on every individual to do what they can to promote a plant-based diet in society.

**************************

Below you will find answers to frequently asked questions on this topic.



Don't animals eat each other?



It is true that some animals, such as hyenas and tigers, eat other animals, just as it is true that hippos and elephants are vegan. If someone defecated in the street on the grounds that many animals, such as dogs and pigeons, do not use toilets, we would think they were crazy. So how can we understand the use of the same rhetoric to try to justify eating meat on the grounds that some animals eat others? Unlike hyenas and tigers, humans know how to grow grains and legumes and can act in a civilized manner by choosing to respect the lives of sentient beings.



Isn't it natural to eat animals?



One might wonder whether slaughterhouses and trucks that transport animals are natural or not, whether raising and consuming animal flesh is natural, or whether these practices are, on the contrary, the result of a social construct. But it is also easy to realize that regardless of the answer to these questions, one simple fact remains: we can live without eating sentient beings and without inflicting on them what we would not want done to us.

Earthquakes and tsunamis are completely natural phenomena, yet when they cause thousands of injuries and deaths, we do not say that what happened is okay because it is natural. On the contrary, we try to do everything we can to save the survivors and find shelter for all these people. When a person is very angry with someone who has hurt them, they may have a natural urge to kill them, but that does not mean it is not a bad thing to do. These examples clearly show that the question “Is it natural?” is very different from the question “Is it good for all sentient beings?” and it is the latter that must be asked when considering the ethical value of an action.



It is a tradition/an ancestral practice.



A practice may have existed for a very long time, but its continuity says absolutely nothing about whether it is right or wrong. For example, murder, rape, and war have also existed for thousands of years, but that is no argument for them to continue. Public executions and torture (which were very popular with the people at the time) were also a deeply rooted tradition in the Middle Ages, and if we had given credence to this pseudo-argument of tradition, we would still see them today. A civilized society has a duty to get rid of barbaric traditions.



If animals had a happy life on farms, couldn't we eat them?



If a sentient being has a happy life, we should let it live so that it can enjoy its happiness. Killing someone who has led a life full of suffering so that they no longer suffer may be understandable, but giving ourselves the right to murder a being because it is happy is completely absurd.



Without humans, these animals would not exist, so why not kill them?



Children exist thanks to their parents, but that obviously does not mean that parents can kill their children just because they exist thanks to them. Similarly, the fact that farm animals exist thanks to humans does not mean that we can kill them to cook their flesh. Furthermore, keeping animals as slaves (considered someone's property) for the purpose of killing them for culinary pleasure, profit, or tradition is fundamentally unjust.  



Animal exploitation provides jobs and is good for the economy, isn't it?



When a practice is unjust, it does not magically become moral just because it makes money. The fact that arms trafficking feeds families does not mean that it is right, but that traffickers need another way to support themselves. In the same way, people working in the animal agriculture sector need to be retrained. It's interesting to note that the Soyasun company was created by a family of dairy farmers who wanted to switch to producing soy products. Every year, animal agriculture receives millions in government subsidies, money that should instead be used to help workers in this sector retrain.



Won't there be too many animals if we stop eating them?



People who are in favor of closing slaughterhouses say that we must stop breeding sentient beings for the purpose of killing them, which would result in a reduction in the number of these animals, not overpopulation. Many people say that we should just leave a few sanctuary farms (such as this one: http://www.peacefulprairie.org/) where animals can enjoy their lives until the end without one day being forced against their will into trucks transporting them to the slaughterhouse.

 What about freedom in all this? Everyone does what they want, right?

Freedom must be respected, including that of other animals, and locking them up against their will in a truck transporting them to the slaughterhouse where they will be killed for the simple pleasure of taste is clearly contrary to their freedom. Individual freedom cannot be used to justify activities that cause major harm to others, otherwise we could also justify cannibalism by saying that everyone is free to be a cannibal. Humans can choose not to be predators, so they have a moral duty to stop killing sentient beings. Furthermore, to say that everyone does what they want in order to justify the continuation of slaughterhouses is to forget that other animals do not want to be killed and end up on our plates.



Aren't plants living beings too?



Yes, plants are living beings, just like bacteria, but they are not sentient beings, and it is sentience that makes life worth living. During evolution, certain beings that could move developed the capacity for sentience. This, along with the ability to feel pleasure and pain, told them to move to places that were favorable to them and avoid those that were unfavorable. Animals that could move had a selective advantage in possessing it. However, since plants are immobile and sentience requires a lot of energy, it would be a major selective disadvantage for them. In the same way that a person on life support can have a body that functions and reacts perfectly (the heart beating, the skin regenerating in case of injury) without feeling emotions or sensations of pleasure and pain, plants live and react throughout their lives without having these faculties. Furthermore, it is interesting to note that everyone intuitively realizes that there is a big difference between cutting parsley and killing a rabbit, so it is not without reason that slaughterhouses are hidden outside cities.



But what if I still think it's unfair to kill plants?



Several kilograms of plants must be fed to animals in order to “produce” just a small amount of meat. Meat consumption therefore causes the death of the animal and also of the plants used to feed it. Consequently, people who think it is unfair to kill plants must also boycott meat and campaign for the abolition of commercial farming.

What if animals were killed with “respect,” as the Native Americans did?

In slaughterhouses, animals are not killed with a bow and arrow while asking for forgiveness, so anyone who supports this kind of method should also boycott slaughterhouses and refuse to eat animals. Even if it is true that the Apaches based their survival on killing animals, they were a minority among Native Americans, who often preferred to grow corn, and many tribes had a purely plant-based diet, such as the Choctaws, the Mayans, and the Zapotecs. Furthermore, “respect” is a state of mind that a human being (in this case, the hunter) has, but from the point of view of the deer that has an arrow piercing its body, it doesn't matter if someone asks for forgiveness after killing it; what it wanted was simply to continue living its life, and it is from the animal's point of view that we must determine whether an act concerning it is right.

Don't we need protein?

Yes, of course, and it can be found in sources other than animal products. Protein is found in rice, bread, wheat germ, chickpeas, millet, beans, lentils, walnuts, hazelnuts, pistachios, almonds, etc.



Meat and leather, I understand, but what's the problem with eggs and milk?



In the egg production industry, chicks are sorted by sex at birth. Male chicks, which cannot produce eggs, are simply killed (crushed alive or gassed) and then discarded. The females are used as egg-producing machines and are sent to the slaughterhouse as soon as they are no longer productive enough. Cows, which have been genetically selected for decades to create more efficient “dairy breeds,” can now produce between 6,000 and 12,000 liters of milk per year, or 20 to 40 liters per day—10 times more than their ancestors in the 1950s. To produce milk, a cow, like a woman or any other mammal, must first have a calf. In Switzerland, 90% of cows are inseminated, and each pregnancy lasts nine months. Often, the calf is separated from its mother a few days after giving birth, causing distress and confusion for both the cow and her calf. The cow is then inseminated again to continue producing milk. She is sent to the slaughterhouse at around 6 years of age, as she is no longer profitable beyond that age, even though she could live to be 20 years old.



But don't we need calcium and other nutrients?



Calcium is found in cabbage, broccoli, almonds, watercress, parsley, dates, figs, cocoa, oranges, pistachios, and even in tap water or mineral waters rich in calcium. Iron is found in lentils, dried beans, chickpeas, split peas, parsley, watercress, molasses, and tofu. It is worth noting that plant-based iron is much better absorbed in the presence of vitamin C. For example, you can add a little lemon juice to a lentil dish to improve iron absorption. For vitamin D, simply expose your skin to the sun. This vitamin is synthesized by the skin when exposed to sunlight, even on cloudy days. Vitamin B12 is found in multivitamin fruit juices, fortified products such as margarine, vegan steaks, breakfast cereals, and even some hot chocolate mixes. Vitamin B12 tablets derived from bacterial cultures are also available, notably those from the Vegan Society (Veg1). Omega-3 and omega-6 fatty acids are found in rapeseed oil, walnut oil, flax seeds, vegetable margarine, walnuts, hazelnuts, almonds, sunflower seeds, and sesame seeds.",Butcher shops were vandalized in Lausanne (Switzerland) on October 19 Below is a copy of the statement of demands relating to the butcher...
17bqm2w,2023-10-19,vegan,negative,-0.6741930842399597,positive,0.9853,-1.6594930842399598,1.6594930842399598,"Corporations only care about profit and their attempts at justice are full of shit. I have to attend a work conference. One of the keynotes is the head of sustainability at Danone (a food production company who pumps out a crap ton of dairy products. 

The whole conference is about how for-profit companies can address racial and climate justice, a bunch of companies talk about how they try to work with remote communities and indigenous groups to make sure marginalized people can be supported. All that is cool. 

After the Danone rep said the company is focused on reducing their green house has emissions, during the Q&A asked the Danone guy, ""you guys have an increasing plant based portfolio, is transitioning away from dairy a part of your commitment to reducing your emissions?""

His response was nope and that they are focused on integrating regenerative ag into dairy production and that people have the right to choose between plant based and animal products. 

Even the facilitator was like ""Woah, that's a big question "". 

This conference is supposed to be about climate justice and we have uneducated corporate fluffs presenting as keynote speakers. 

Like it makes it so daunting to engage in any advocacy.",Corporations only care about profit and their attempts at justice are full of shit. I have to attend a work conference. One of the keynot...
ollt8b,2021-07-16,ZeroWaste,negative,-0.6230649948120117,positive,0.9844,-1.6074649948120117,1.6074649948120117,"Serious question about beef I know that the beef industry is one of the worst things as far as negative environmental impact goes, but what about sustainable beef farming? Idk if I’m wording that correctly, but for the past few years I’ve been buying 1/4 of a cow from a friend. She always has 4 cows, butchers 2 every spring, gets 2 new cows, then butchers the other 2 cows the next spring, and the cycle continues. The cows eat grass/do cow things, so it’s not like a factory farm, or even a large scale operation. I know the best thing would be to go vegan/vegetarian, but that’s just not an option for my family so I’m trying to do the next best thing. The 1/4 cow that I buy lasts our family of 4 all year, and we do have quite a few meatless day meals. I don’t really buy meat from a store besides chicken (I’m working on a better option for that) and the super rare occasion pork chops/bacon (maybe once or twice a year), but I’m wondering if the way I’m getting my beef if actually any better or if I’m just fooling myself. 

I’ve always been semi-careful about the things I buy (I have a bird so he’s very sensitive to certain things), and I’ve always recycled and been conscious about the environment, but since I’ve started learning more and purposely thinking about plastic/waste/etc and learning that all the things I’ve been recycling over the years probably ended up in a landfill anyway I’ve been trying really really hard to reduce my impact on the environment and it’s so overwhelming at times. I’ve been slowly replacing things as they run out with better options (bar soap, tp, Kleenex, paper towels, etc) but I know there’s always room for improvement, but I wasn’t sure about the meat side of things.","Serious question about beef I know that the beef industry is one of the worst things as far as negative environmental impact goes, but wh..."
1nxnc41,2025-10-04,vegan,positive,0.7928212285041809,negative,-0.8088,1.6016212285041809,1.6016212285041809,"Best arguments to go vegan - for debates These points are drawn from two outstanding speakers:

* [Ed Winters – calm, kind, eloquent](https://www.youtube.com/watch?v=nrVEYTSe-o8)
* [Gary Yourofsky – passionate and uncompromising](https://www.youtube.com/watch?v=es6U00LMmC4&t=1s)

**Climate impact**  
Animal farming causes around **15% of global greenhouse emissions** – roughly the same as the entire transport sector (cars, planes, ships combined).

**Ethics & empathy**  
About **15 minutes of pleasure** while eating = **months of suffering** for the animal.

**Health**  
Plant-based diets are linked to **lower risks of cancer, heart disease, and obesity**.

**Scale of suffering**  
Over **90% of farmed animals** live in factory farms.

**Reality of factory farming**

* Most animals are killed as **babies or children**.
* **Male chicks** are gassed.
* **Mutilations** (without anesthesia): beak, tail, teeth, genital removal.
* **No sunlight** for most animals.
* **Long, cruel transports.**
* **Underpaid, overworked staff** often become desensitized and handle animals brutally.

**Why vegetarian isn’t enough**

* Dairy = **forced impregnation** and **calf separation**.
* Egg industry = hens laying **300 eggs/year** instead of 20 → death after 1–2 years.
* **Milk and eggs** directly support the meat industry.



What do you think about this list? Feel free to add your own ideas.","Best arguments to go vegan - for debates These points are drawn from two outstanding speakers: * [Ed Winters – calm, kind, eloquent](http..."
1aci0we,2024-01-27,climate,negative,-0.6145691871643066,positive,0.9659,-1.5804691871643066,1.5804691871643066,"The Achilles Heel of Global Food Supply: Farmers Can’t Work in Extreme Heat and Humidity Situations So less planting, tilling, weeding, watering and harvesting… So less food grown. I chat about new research on the weakest link and greatest vulnerability risk to our global food supply.

“The future of global food production is under threat as temperature rises will impact farmers' physical capacity to work, a new study has revealed.”

""Assessments consistently conclude that climate change will reduce crop yields making food security challenges worse,"" says study lead Professor Gerald Nelson, of the University of Illinois.

""But it's not only crops and livestock that are affected. The agricultural workers who plant, till, and harvest much of the food we need will also suffer due to heat exposure, reducing their ability to undertake work in the field.""

“Published in the journal Global Change Biology, the study, titled ""Global reductions in manual agricultural work capacity due to climate change,"" involved using computational models to predict the physical work capacity (PWC)—defined as ""an individuals work capacity relative to an environment without any heat stress""—under different predicted climate change scenarios.”

“The maximum work capacity achievable by individuals in a cool climate was used as the benchmark for the study—representing 100% physical work capacity.

Reductions in capacity mean people are limited in what they can physically do, even if they are motivated to work. This may translate as farmers needing extra workers to do the same job, or if these are not available, then reducing their crop sizes.

Agricultural workers are already feeling the heat, the study reveals, with half the world's cropland farmers estimated to be working below 86% capacity in ""recent past"" (1991–2010) climate conditions.”

Report: “Global food production at risk as rising temperatures threaten farmers' physical ability to work, new study finds”: https://phys.org/news/2024-01-global-food-production-temperatures-threaten.html

Peer-reviewed scientific paper: “Global reductions in manual agricultural work capacity due to climate change”: https://onlinelibrary.wiley.com/doi/10.1111/gcb.17142

“Abstract
Manual outdoor work is essential in many agricultural systems. Climate change will make such work more stressful in many regions due to heat exposure. The physical work capacity metric (PWC) is a physiologically based approach that estimates an individual's work capacity relative to an environment without any heat stress. We computed PWC under recent past and potential future climate conditions. Daily values were computed from five earth system models for three emission scenarios and three time periods. Average daily PWC values were aggregated for the entire year, the growing season, and the warmest 90-day period of the year. Under recent past climate conditions, the growing season PWC was below 0.86 (86% of full work capacity) on half the current global cropland. With end-century/SSP5-8.5 thermal conditions this value was reduced to 0.7, with most affected crop-growing regions in Southeast and South Asia, West and Central Africa, and northern South America. Average growing season PWC could falls below 0.4 in some important food production regions such as the Indo-Gangetic plains in Pakistan and India. End-century PWC reductions were substantially greater than mid-century reductions. This paper assesses two potential adaptions—reducing direct solar radiation impacts with shade or working at night and reducing the need for hard physical labor with increased mechanization. Removing the effect of direct solar radiation impacts improved PWC values by 0.05 to 0.10 in the hottest periods and regions. Adding mechanization to increase horsepower (HP) per hectare to levels similar to those in some higher income countries would require a 22% increase in global HP availability with Sub-Saharan Africa needing the most. There may be scope for shifting to less labor-intensive crops or those with labor peaks in cooler periods or shift work to early morning.”

Basically, when we think about heat waves and droughts reducing crop yields, we need to realize that long before food production yields are crushed by climate change, our ability to grow food is most threatened by heat and humidity preventing farmers from planting, tilling, and harvesting crops in the fields. 

“Manual outdoor labor is essential in many agricultural systems worldwide. The interactions of the thermal environment (defined by air temperature, solar radiation, humidity, and wind speed) with metabolic activity and clothing can contribute to heat stress and affect the health and productivity of outdoor workers. Physical work capacity (PWC) begins to decline measurably around 20°C ambient temperature and further diminishes as temperature and humidity rise and exposure to solar radiation increases, while cooling from wind can reduce these effects.”

An eye opening new finding; something else to worry about:)

Please donate to http://PaulBeckwith.net to support my research and videos joining the dots on abrupt climate system mayhem.","The Achilles Heel of Global Food Supply: Farmers Can’t Work in Extreme Heat and Humidity Situations So less planting, tilling, weeding, w..."
ub8063,2022-04-24,climatechange,negative,-0.6353398561477661,positive,0.928,-1.563339856147766,1.563339856147766,"Why is cattle farming (and other farming) a problem regarding methane production when there used to be massive herds of wild ungulates?  So it's often spoken about how cattle farming in particular is a massive source for methane emissions into the atmosphere, contributing to climate change. I understand that cattle emit methane through burping and farting.

But don't all (most/many) animals do this?

I understand some would surely make more than others. But, I know there used to be massive herds of millions of bison in North America. Many other massive herds of buffalo, wildebeest, zebras, etc in Africa. As well as many others on other continents.

So my question is why would modern cattle farming emit more methane that the natural herds from, say, 1,000 years ago? or from 10,000 years ago?

Are there just WAY more cattle than there ever were wild ungulates?

Do domestic cattle just produce more methane per capita than wild ungulates?

or both?

or some other reason?

Bonus Question: Is the massive human population a decent contributor to methane levels through our own burping and farting?",Why is cattle farming (and other farming) a problem regarding methane production when there used to be massive herds of wild ungulates? S...
wpc3qc,2022-08-15,climate,negative,-0.7132378220558167,positive,0.81,-1.5232378220558167,1.5232378220558167,"California cows are leaving the state and that won’t help global warming | California is nearly halfway to a 2030 goal for methane reduction. But that's in part thanks to cows, and their methane, 'leaking' into other states.",California cows are leaving the state and that won’t help global warming | California is nearly halfway to a 2030 goal for methane reduct...
ns9k15,2021-06-04,sustainability,negative,-0.6433191895484924,positive,0.8573,-1.5006191895484924,1.5006191895484924,"The USDA spends billions each year helping farmers change how they deal with pollution, but they won't use this money to help farmers transition to growing foods that need no conservation measures.","The USDA spends billions each year helping farmers change how they deal with pollution, but they won't use this money to help farmers tra..."
u0w037,2022-04-10,ZeroWaste,negative,-0.6513538360595703,positive,0.8446,-1.4959538360595703,1.4959538360595703,"What should I do about the meat and dairy waste at work? I haven’t eaten meat for 6 years and have been vegan for 3 years. I work at a restaurant that serves meat, it’s difficult but it’s good pay and I need the money. 
At the end of the night we have to throw out food that wasn’t served. We’re allowed to take home whatever we want, but we still throw out a bunch of food. I don’t really take anything home bc I can’t really eat anything at the restaurant.

I’m vegan and zero waste due to the environment, so I hate seeing it wasted, but meat and especially dairy really grosses me out. The meat and dairy goes to the landfill. I feel so terrible for throwing out perfectly good food where it will sit in the landfill and cause greenhouse gas emissions. I try my best to be zero waste, I compost and give the soil to friends since I don’t have the space for a garden.

I ask my roommates and friends if they want food and sometimes they say yes. I heard about someone who would give the leftover meat from the restaurant to feed to his pets and would wash the seasoning off, but I don’t have pets so that wont work. I would suggest that we compost but I don’t want to be disrespectful, and I wouldn’t have space in a worm box for all of the waste. 

I don’t think I’d be able to bring myself to eat the meat honestly. I haven’t been curious to try again for years until now. The curiosity peaked because it’s free food and I have to pay for my tuition, and it’s also being dumped. I wanted to hear peoples opinions on this.",What should I do about the meat and dairy waste at work? I haven’t eaten meat for 6 years and have been vegan for 3 years. I work at a re...
l83co5,2021-01-29,sustainability,negative,-0.4955294728279114,positive,0.9978,-1.4933294728279114,1.4933294728279114,"I think it is hard to find users for green projects where the direct benefits are not big (but contamination is reduced for instance). I'm facing it  This  is only an idea, I haven't developed anything at this moment, but I  have been thinking and discussing about this for the whole last year.

The  objective of this project is to help in the task of reducing methane  emissions, concretely I focused on farms (this is such a big source of  methane).

The aim of the project  is to connect farmers with biogas companies, so the manure (waste  generated by animals such as pigs or cows) can be used to generate clean  energy (biogas),  instead of being storaged (in that case, the methane  shall be released to the atmosphere, and that is a well-known  contamination problem, and 2030 agenda aims to reduce this among other  objectives). As far as I know, there is no penalty for that  contamination.

The main point of  the idea is to organize farms subscribed to the same biogas plant within  each small region, so the transport would collect the manure from farms  near the plant and would deliver it there in order to generate biogas.

The  main issue found here is that the farmers won't be motivated to  register to this service, even if they help to take care of the  environment by doing this (generating clean energy, helping biogas  companies to create more plants, and reducing the amount of methane  released). Honestly, I do think they won't find any direct benefit (even  if they are helping the environment), because I am not adding any real  value for them. They wouldn't obtain discounts for supplies for  instance.

The only way I have  found to ""motivate"" the farmers to register is to also allow them to do  business within the platform (such as post ads, bargain between farmers  that are not near enough to negotiate face to face, or let company  supplies to register there too). It would be like a professional network  but oriented to their sector (i.e. startups, companies, farmers would  be able to exchange products, services or feedback even if they are  maybe too far to talk face-to-face).

How would you motivate potential users to use green solutions, even if they don't obtain a direct benefit from it?

Thanks for reading!",I think it is hard to find users for green projects where the direct benefits are not big (but contamination is reduced for instance). I'...
m3pqx1,2021-03-12,sustainability,negative,-0.4739034473896026,positive,0.9743,-1.4482034473896026,1.4482034473896026,"3 Simple Tips On How To Reduce Your Carbon Footprint Did you know that carbon dioxide levels are 40% higher than they were in pre-industrial times?

Global warming is the biggest threat facing humanity. Scientists are agreed that the planet is warming due to human activity and we must act to prevent irreversible damage.

If we fail to act now, we'll all be negatively affected by higher temperatures and rising sea levels. Some parts of the world will also become uninhabitable.

But, we can still prevent this if we all act now.

## 1. Change Your Diet

Before you do anything, we recommend [calculating your carbon footprint](https://www3.epa.gov/carbon-footprint-calculator/). In order to reduce global warming, it's recommended we all have a carbon footprint of 1.87 tons.

The U.S. per capita carbon footprint is 18.3 tons, so there's a long way to go for most of us.

Calculating it will also help show you how much carbon and money you're saving.

In terms of food, you should focus on a low meat and dairy diet. Livestock- meat and dairy is a huge cause of global carbon emissions and other greenhouse gases.

Livestock also produces high amounts of methane that's far worse at trapping heat inside the atmosphere. Over the past half-century, meat and dairy consumption have increased dramatically which has accelerated global warming.

One of the reasons is fast-food chains conquering the globe and offering low-priced meat and dairy products.

In order to help, you should eat far more fruits, vegetables, grains, and beans. The carbon emissions to produce these foods are far lower thus, it helps the environment.

But don't panic if you're not a Michelin star chef as there are lots of [veggie/vegan recipes](https://www.youtube.com/watch?v=7hlAQBmtkRk&t=479s) out there that are both tasty and healthy.

## 2. Avoid Fast Fashion

New trends and styles result in people throwing away clothes after a short while. Most clothes then go to landfill sites where they produce methane as they decompose.

To prevent this and help the environment you should look to buy [recycled clothes](https://happygrapestore.com/product/womens-reemill-u00ae-recycled-t-shirt/). This is where the materials from old clothes have been reused to make a new product.

[T-shirts](https://happygrapestore.com/collection/womens-t--shirts/), jumpers, hats, and more can be recycled many times. This reduces the number of landfills thus reducing greenhouse gas emissions.

Also, look to buy [clothes made from organic cotton](https://happygrapestore.com/collection/womens-t--shirts/). Being organic means that no harmful pesticides have been used to produce it. Pesticides often harm the local environment by contaminating nearby rivers and lakes.

## 3. Create a Smart Home

You can drastically cut your carbon footprint just by making a few changes around the house.

First, contact your energy supplier to find out if you can switch to a smart meter. This will cut your energy usage and has the potential to save you money.

In fact, see if you can switch to completely renewable energy.

Next, make sure you switch lights off when you leave a room and unplug devices that you're not using. This will also help cut down on your electricity bills.

Finally, try and wash clothes with cold water, and take quicker showers.",3 Simple Tips On How To Reduce Your Carbon Footprint Did you know that carbon dioxide levels are 40% higher than they were in pre-industr...
1qv3c7j,2026-02-03,sustainability,negative,-0.6460972428321838,positive,0.802,-1.4480972428321839,1.4480972428321839,"Insect farming's environmental benefits challenged by new study. Research reveals substantial limitations in existing studies, with lot of them conducted at small-scale settings that may not accurately reflect real-world industrial conditions and environmental impacts. # Insects for Human Food

Most insect-based foods (90%) don't replace meat but plant-based products like pasta, snacks, and protein bars. Since these ingredients already have low environmental impact, adding insects actually **increases** their footprint rather than reducing it. Emissions range from 4.2-25.8 kg CO₂e per kg of protein, less than beef but comparable to chicken and much higher than plant alternatives.

# Insects for Animal Feed (Aquaculture & Livestock)

Most LCAs show insect meal has **2-3 times higher climate impact** than soybean or fishmeal, while requiring more energy and water. The industry mainly uses quality feed (grains, co-products) instead of genuine waste due to regulations, slow growth rates on low-quality substrates, and nutritional consistency requirements. Production costs ($5,500/ton) are about 4 times higher than fishmeal prices ($1,400/ton).

# Insects for Pet Food

The largest current market (50% of insect sector). Insect proteins emit on average **2-10 times more GHG** than conventional pet foods. The industry misleadingly compares insects to human-grade meat, while pet food mainly uses low-impact meat co-products (organs, bones) not specifically produced for this purpose.

# Conclusion

The study concludes that in most cases, insect farming's impact on food system sustainability is **less positive than initially promised**, mainly because insects aren't fed genuine waste, don't replace meat, and remain economically and energetically costly.

**Full study:** [https://onlinelibrary.wiley.com/doi/10.1111/brv.70076](https://onlinelibrary.wiley.com/doi/10.1111/brv.70076)","Insect farming's environmental benefits challenged by new study. Research reveals substantial limitations in existing studies, with lot o..."
1hgv3zb,2024-12-17,vegan,negative,-0.4370166063308716,positive,0.997,-1.4340166063308715,1.4340166063308715,"Vegan Agriculture Is Not Sustainable Title aside, I am looking for ideas from you knowledgable lovey folks; I am curious if you can point out where my understanding is problematic. I have been vegan; I enjoyed it, it feels good, but have been compelled to consume animal products from a sustainability perspective.

This is my understanding: there is no way to maintain nourishing vegan agriculture without the incorporation of artificial fertilizers. All artificial fertilizers are depended upon mined, non-renewable resources (which often employ slave labor btw), and thus are not sustainable. On top of these, the runoff of those fertilizers cause all of the ecological disasters that we've come to know and love, destroying ecosystems and killing animals... not very vegan.

Thus, the *sustainable* way to raise food *includes* animal agriculture. Animals consume calories (like grass) that are not bioavailable to human beings, converting those calories into their bodies, and ultimately a digestible form. The livestock, simultaneously, is able to implant essential nutrients into the soil like nitrates and microbes that are able to enrich and fertilize the soil. One can then use this nutrient-rich soil to plant their regular 'ol yummy veggies, and repeat the process once the soil becomes eroded.

The above model of crop rotation and animal integration is the only model of sustainable food production that I am aware of. Other's involve either the unsustainable practices of fertilizer mining, acquisition of fertilizers that are (obviously or not) animal produced, or just blatant soil erosion (also unsustainable).

Finally, and most non-veganly, it becomes inevitable that these domesticated livestock, no matter how humanely treated, will eventually die. It seems that a ""death from natural causes"" for grazing animals would be brutal. Should the animal not be consumed by humans at the end of it's life? Alternatively, the animal could be buried, it's body nourishing the soil, so that the plants it helps provide are then consumed by humans... but this seems to ultimately accomplish the same feat, but much less energy-efficient.

**So... the good part. Where am I wrong in this? Is the above model (morality aside) sustainable? Are there sustainable alternatives? I challenge you to describe one!**

EDIT:

What I try to describe is a qualitative process that is described by farming on a small scale. The flow chart is this:

Soil is moderate quality >> grass is planted >> grazing animals eat grass and fertilize soil with manner >> agriculture for human consumption is planted in fertile soil >> soil returns to moderate quality >> cycle repeats.

This is not a model that justifies factory farming of animals, it stands at odds to it.  Indeed, it also stands at odds with massive scale monocultural farming practices that erode soil and are dependent on mined artificial fertilizers. Thus, in this model, animal feed is simply the grass that is rotated through, rather than mass-produced (and unhealthy) feed... that would defeat the whole purpose (and be a too-easy loophole that you pointed out). I imagine a model as described (more articulately) [here](https://attra.ncat.org/publication/integrating-livestock-and-crops-improving-soil-solving-problems-increasing-income/).

For what it's worth, I'm a physicist (not to boast), but I understand a thing or two about energy and efficiency. In fact, the argument that animals are an ineficient energy source (vernacular figures state 90% energy loss from eating meat vs the plants that the livestock consumes), is what convinced me to go vegan to begin with! What brought me away from veganism, though, is that pure vegetable farming, although more energy efficient, is nevertheless *not sustainable*: in this case, we trade energy inefficiency for a sustainable source of essential nutrients. The lack of these essential nutrients means non-sustainable farming, and thus, no matter how efficient it is, it cannot work. For a silly analogy, we can think of electric cars: sure they may be more efficient, but what does that matter if lithium is a renewable and ultimately therefore not sustainable resource?

One alternative to the model I proposed is the [Three Sisters Crop Rotation](https://www.nal.usda.gov/collections/stories/three-sisters). Accomplishes some of what livestock rotation can... the crux being that bean plants are able to fix nitrogen into the soil, corn provides tall, quick growing stalks for the beans to grow upon, and squash helps keep water in the soil. We're looking for symbiotic relationships here between soil, crop, and required nutrients. Animals are one way to do the trick... maybe there are others. You'll help me find out I'm sure!

EDIT EDIT: (lol)

The holy grail for me is PEER REVIEWED RESEARCH. If you've got one of those ""sustainable farming practices"" and there's an article that share *quantitative results*, share it! I'll post them here. I'll also post the research I've encountered here, so we can all gander together. Thank you folks... so much learning here. :)

PRO ANIMAL AGRI:

[Animal board invited review: Animal source foods in healthy, sustainable, and ethical diets](https://pubmed.ncbi.nlm.nih.gov/35158307/)

[Impacts of soil carbon sequestration on life cycle greenhouse gas emissions in Midwestern USA beef finishing systems](https://www.sciencedirect.com/science/article/pii/S0308521X17310338)

[Increasing pasture forage production, soil organic carbon, and reducing soil respiration rates in southeastern USA ranches](https://pubmed.ncbi.nlm.nih.gov/35873909/)

[Loss of grazing by large mammalian herbivores can destabilize the soil carbon pool](https://www.pnas.org/doi/10.1073/pnas.2211317119)

[Can pasture-fed livestock farming practices improve the ecological condition of grassland in Great Britain?](https://besjournals.onlinelibrary.wiley.com/doi/10.1002/2688-8319.12191)

ALTERNATIVES:

[Nitrogen fixation by common beans in crop mixtures is influenced by growth rate of associated species](https://bmcplantbiol.biomedcentral.com/articles/10.1186/s12870-023-04204-z)

[https://online.eou.edu/resources/article/veganic-farming-importance-of-sustainable-agriculture/](https://online.eou.edu/resources/article/veganic-farming-importance-of-sustainable-agriculture/)

[https://www.nature.com/articles/s43016-022-00584-x](https://www.nature.com/articles/s43016-022-00584-x)

[https://tos.org/oceanography/article/transforming-the-future-of-marine-aquaculture-a-circular-economy-approach](https://tos.org/oceanography/article/transforming-the-future-of-marine-aquaculture-a-circular-economy-approach)

[https://eatforum.org/content/uploads/2019/11/Seafood\_Scoping\_Report\_EAT-Lancet.pdf](https://eatforum.org/content/uploads/2019/11/Seafood_Scoping_Report_EAT-Lancet.pdf)

[https://www.europarl.europa.eu/RegData/etudes/STUD/2024/757806/EPRS\_STU(2024)757806\_EN.pdf](https://www.europarl.europa.eu/RegData/etudes/STUD/2024/757806/EPRS_STU(2024)757806_EN.pdf)

[https://magazin.tu-braunschweig.de/en/pi-post/phosphorus-recycling-from-sewage-sludge-to-plant-fertilise/](https://magazin.tu-braunschweig.de/en/pi-post/phosphorus-recycling-from-sewage-sludge-to-plant-fertilise/)","Vegan Agriculture Is Not Sustainable Title aside, I am looking for ideas from you knowledgable lovey folks; I am curious if you can point..."
b5g019,2019-03-25,ClimateOffensive,negative,-0.4789870381355285,positive,0.9535,-1.4324870381355286,1.4324870381355286,"Tool for calculating Carbon and Water Footprints Hey, guys!

I have played around with various online calculators that showed me what my emissions were. However, I haven't found one that simply allowed me to input my diet – they've always been more on the residential and transport levels. Furthermore, I haven't found any that allowed me to calculate my Water Footprint as well.

So, I made my own tool, found here

[http://chielstad.no/projects/Climate\_Impact\_Calculator/index-weekly-ENG.html](http://chielstad.no/projects/Climate_Impact_Calculator/index-weekly-ENG.html)

 I am aware that it looks pretty simple, but that's because I don't have much experience with CSS and design.

&#x200B;

The food items have been chosen based on the available information (see the reports at the bottom), and that's why it might be ""lacking"" in some sense. However, the important part here is the meat and dairy sections, because, and it surprised me, they are the most polluting. 

&#x200B;

Currently, it can be used to estimate the CO2 emissions and the water use corresponding to the food eaten, and it shows how much the pollution could be reduced with meats were switched with chicken or lentils.

&#x200B;

I hope someone finds it interesting, and please provide comments/suggestions if you have any!

&#x200B;","Tool for calculating Carbon and Water Footprints Hey, guys! I have played around with various online calculators that showed me what my e..."
cth6rs,2019-08-21,ClimateOffensive,negative,-0.4753134250640869,positive,0.9535,-1.428813425064087,1.428813425064087,"You came here, so what's next [aka What can I personally do to fight the climate crisis?] here's something I found, and adapted, originally by [/u/climatenurse](https://www.reddit.com/u/climatenurse/):

It's an uphill battle, but **far** from hopeless. We have carbon budgets, timescales, models, everything in-between. We aren't in the worst case scenario, we aren't doomed, we aren't going to hit 4C by 2040. The worst has yet to come, and isn't even set to come, provided we do something about it. Saying ""we're fucked"" and throwing in the towel only makes this guaranteed, and spreads further despair and inaction.

Many people are doing something already, if you want to join them, here are some subreddits of their communities and websites:

* [/r/FridaysForFuture](https://www.reddit.com/r/FridaysForFuture/)
* [/r/ExtinctionRebellion](https://www.reddit.com/r/ExtinctionRebellion/)
* [**Climate Citizen's Lobby**](https://citizensclimatelobby.org/)
* [**Sunrise Movement**](https://www.sunrisemovement.org/)
* [**350 movement**](https://350.org/)
* [**Greenpeace**](https://www.greenpeace.org/)

More climate-related subs on reddit:

[/r/EarthStrike](https://www.reddit.com/r/EarthStrike/)  
[/r/ClimateActionPlan](https://www.reddit.com/r/ClimateActionPlan/)  
[/r/climate](https://www.reddit.com/r/climate/)  
[/r/climate\_science](https://www.reddit.com/r/climate_science/)

Join up. Act. Grab the **Earthrise** app (available on Android and iOS), and find your local meetings- become one of the many in these groups, and fight for a future. And, most important, **VOTE**.

Not the activist type? Do something in your own way- use creativity to bring the message about, fact check like I do, make sure people know what is happening- in fact, even just [talking about it can help.](https://www.pnas.org/content/early/2019/07/02/1906589116) It's overwhelming, but [you're not alone.](https://www.vice.com/en_us/article/j5w374/climate-despair-is-making-people-give-up-on-life)

Want more actions to take? Well, here's some more, and there's a [lot](https://www.drawdown.org/)!

* **Start local, think global.** Incite change in your communities and become more resilient.
* Strive for **divestment from fossil fuels** at your colleges/communities. Also check out /r/greeninvestor
* **Support climate scientists** and their work. Alaska just cut university funding by 41%, and they need your help- especially with all the disinformation going around. Start by following them [here](https://twitter.com/KHayhoe/lists/scientists-who-do-climate)!
* **Call out deniers** wherever they may be. (Check out the #climatebrawl on Twitter.)
* **Support any movement in any way**, even if it's just by word of mouth. Bring them snacks, drinks, order pizza, etc.- anything works.*If you want* ***personal*** *changes, there's a lot too!*
* **Start eating less beef** **and dairy products** as they have the highest co2 emissions. If you have no time to f around, go vegan directly.
* Install **solar panels** if you can, or get your electricity from non-fossil fuel sources.
* **TALK** about it! This is scientifically proven to be one of the best things you can do.
* **VOTE.**
* Eat more **local**.
* Eat **organic** (pesticides & land use are #1 reason for bug decline)
* **Try to travel more consciously**. Flying to the end of the world can be fun, but produces a lot of co2, try to explore local destinations. There might be awesome ones.
* **Rally others to join the figh**t, support them if you can.
* **Be cautious to not lose focus**. If a target is missed, take it as more reason to fight. 1.5C isn't the only target.
* **Do not give into despair.** If this happens, we automatically lose. Without change, without fighting, without courage, it is \*truly\* hopeless. ***Action will never stop being useful. If you need a quick pick-me-up, visit*** [/r/ClimateActionPlan](https://www.reddit.com/r/ClimateActionPlan/). Visit [/r/ClimateOffensive](https://www.reddit.com/r/ClimateOffensive/) for activists.
* **Swap to** [**Ecosia**](https://www.ecosia.org/), the tree-planting browser! It's legitimate, and plants a tree roughly every 45 searches.
* **Spread the word**, by sharing content to mainstream subreddits and other platforms

And all of that is just a *taste* of what can be done. Every job is a climate job, now. Every one can incite change.

If you're feeling anxious about it all, depressed, etc.- you're not alone, either. Eco-anxiety is growing, psychologists/therapists/etc are becoming more acutely aware about it. There's news articles being posted about it more often, and we must be together, regenerative, and courageous in order to deal with it and come through.

It won't be pretty, but we must deal with it all.","You came here, so what's next [aka What can I personally do to fight the climate crisis?] here's something I found, and adapted, original..."
yykpv6,2022-11-18,environment,negative,-0.8097089529037476,positive,0.5789,-1.3886089529037475,1.3886089529037475,"Why You Shouldn’t Buy “Low Methane Beef” | A closer look at the products carrying this label, however, reveals that they are anything but climate-friendly.","Why You Shouldn’t Buy “Low Methane Beef” | A closer look at the products carrying this label, however, reveals that they are anything but..."
17ibzxy,2023-10-28,vegan,neutral,0.3994486629962921,negative,-0.9871,1.386548662996292,1.386548662996292,"The Holistic Harm Reduction Benefits of a Vegan Diet **GENERAL HEALTH AND LONGEVITY:**  
2009:  
The low-methionine content of vegan diets may make methionine restriction feasible as a life extension strategy  
[https://pubmed.ncbi.nlm.nih.gov/18789600/](https://pubmed.ncbi.nlm.nih.gov/18789600/)

2019:  
In humans, certain healthy foods are associated with longer telomere length, and reductions in protein intake with lower IGF-1 levels, respectively, both relations being associated with longer lifespan. Furthermore, a high intake of whole grains, vegetables, fruits, nuts, and also coffee is associated with a reduced risk for all-cause mortality whereas a high intake of (red) meat and especially processed meat is positively related to all-cause mortality.  
[https://pubmed.ncbi.nlm.nih.gov/31631676/](https://pubmed.ncbi.nlm.nih.gov/31631676/)

2020:  
There is substantial evidence that plant-based diets are associated with better health but not necessarily lower mortality rates. The exact mechanisms of health promotion by vegan diets are still not entirely clear but most likely multifactorial. Reasons for and quality of the vegan diet should be assessed in longevity studies.  
[https://pubmed.ncbi.nlm.nih.gov/31895244/](https://pubmed.ncbi.nlm.nih.gov/31895244/)

2022:  
The largest gains would be made by eating more legumes, whole grains and nuts, and less red and processed meat.  
[https://journals.plos.org/plosmedicine/article?id=10.1371/journal.pmed.1003889](https://journals.plos.org/plosmedicine/article?id=10.1371/journal.pmed.1003889)

2022:  
How Switching to a Plant-Based Diet Can Add Years to Your Life, No Matter What Age You Are  
[https://www.healthline.com/health-news/how-switching-to-a-plant-based-diet-can-add-years-to-your-life-no-matter-what-age-you-are](https://www.healthline.com/health-news/how-switching-to-a-plant-based-diet-can-add-years-to-your-life-no-matter-what-age-you-are)

**MEAT AND CANCER RISK:**  
Consumption of red meat and processed meat and cancer incidence: a systematic review and meta-analysis of prospective studies  
This comprehensive systematic review and meta-analysis study showed that high red meat intake was positively associated with risk of breast cancer, endometrial cancer, colorectal cancer, colon cancer, rectal cancer, lung cancer, and hepatocellular carcinoma, and high processed meat intake was positively associated with risk of breast, colorectal, colon, rectal, and lung cancers. Higher risk of colorectal, colon, rectal, lung, and renal cell cancers were also observed with high total red and processed meat consumption.  
[https://pubmed.ncbi.nlm.nih.gov/34455534/](https://pubmed.ncbi.nlm.nih.gov/34455534/)

Red meat consumption was associated with increased risk of overall cancer mortality, non-Hodgkin lymphoma (NHL), bladder, breast, colorectal, endometrial, esophageal, gastric, lung and nasopharyngeal cancer. Processed meat consumption might increase the risk of overall cancer mortality, NHL, bladder, breast, colorectal, esophageal, gastric, nasopharyngeal, oral cavity and oropharynx and prostate cancer. Dose-response analyses revealed that 100 g/d increment of red meat and 50 g/d increment of processed meat consumption were associated with 11%-51% and 8%-72% higher risk of multiple cancer outcomes, respectively, and seemed to be not correlated with any benefit.  
[https://pubmed.ncbi.nlm.nih.gov/33838606/](https://pubmed.ncbi.nlm.nih.gov/33838606/)

**MEAT AND DEMENTIA:**  
The matched subjects who ate meat (including poultry and fish) were more than twice as likely to become demented as their vegetarian counterparts (relative risk 2.18, p = 0.065) and the discrepancy was further widened (relative risk 2.99, p = 0.048) when past meat consumption was taken into account. There was no significant difference in the incidence of dementia in the vegetarian versus meat-eating unmatched subjects. There was no obvious explanation for the difference between the two substudies, although the power of the unmatched substudy to detect an effect of ''heavy'' meat consumption was unexpectedly limited. There was a trend towards delayed onset of dementia in vegetarians in both substudies.  
[https://karger.com/ned/article-abstract/12/1/28/209749/The-Incidence-of-Dementia-and-Intake-of-Animal?redirectedFrom=PDF](https://karger.com/ned/article-abstract/12/1/28/209749/The-Incidence-of-Dementia-and-Intake-of-Animal?redirectedFrom=PDF)

These findings highlight processed-meat consumption as a potential risk factor for incident dementia, independent of the APOE ε4 allele.  
[https://pubmed.ncbi.nlm.nih.gov/33748832/](https://pubmed.ncbi.nlm.nih.gov/33748832/)

**RED MEAT AND DIABETES:**  
Red meat consumption associated with increased type 2 diabetes risk [https://www.hsph.harvard.edu/news/press-releases/red-meat-consumption-associated-with-increased-type-2-diabetes-risk/](https://www.hsph.harvard.edu/news/press-releases/red-meat-consumption-associated-with-increased-type-2-diabetes-risk/)

Red meat intake and risk of type 2 diabetes in a prospective cohort study of United States females and males [https://ajcn.nutrition.org/article/S0002-9165(23)66119-2/fulltext](https://ajcn.nutrition.org/article/S0002-9165(23)66119-2/fulltext)

2010: Red and Processed Meat Consumption and Risk of Incident Coronary Heart Disease, Stroke, and Diabetes Mellitus [https://www.ahajournals.org/doi/full/10.1161/CIRCULATIONAHA.109.924977](https://www.ahajournals.org/doi/full/10.1161/CIRCULATIONAHA.109.924977)

2011: Red meat consumption and risk of type 2 diabetes: 3 cohorts of US adults and an updated meta-analysis [https://pubmed.ncbi.nlm.nih.gov/21831992/](https://pubmed.ncbi.nlm.nih.gov/21831992/)

2012: Associations of processed meat and unprocessed red meat intake with incident diabetes: the Strong Heart Family Study [https://pubmed.ncbi.nlm.nih.gov/22277554/](https://pubmed.ncbi.nlm.nih.gov/22277554/)

2013: Meat Consumption, Diabetes, and Its Complications [https://link.springer.com/article/10.1007/s11892-013-0365-0](https://link.springer.com/article/10.1007/s11892-013-0365-0)

2015: A review of potential metabolic etiologies of the observed association between red meat consumption and development of type 2 diabetes mellitus [https://www.sciencedirect.com/science/article/abs/pii/S0026049515000864](https://www.sciencedirect.com/science/article/abs/pii/S0026049515000864)

2016: Diabetes mellitus associated with processed and unprocessed red meat: an overview [https://www.tandfonline.com/doi/abs/10.1080/09637486.2016.1197187](https://www.tandfonline.com/doi/abs/10.1080/09637486.2016.1197187)

2018: Red Meat Consumption (Heme Iron Intake) and Risk for Diabetes and Comorbidities? [https://link.springer.com/article/10.1007/s11892-018-1071-8](https://link.springer.com/article/10.1007/s11892-018-1071-8)

2023: Red meat consumption, cardiovascular diseases, and diabetes: a systematic review and meta-analysis [https://pubmed.ncbi.nlm.nih.gov/37264855/](https://pubmed.ncbi.nlm.nih.gov/37264855/)

Diabetes and cognitive decline [https://www.alz.org/media/documents/alzheimers-dementia-diabetes-cognitive-decline-ts.pdf](https://www.alz.org/media/documents/alzheimers-dementia-diabetes-cognitive-decline-ts.pdf)

[https://www.reddit.com/r/HubermanLab/comments/17gp2kf/red\_meat\_increases\_risk\_of\_diabetes\_ii\_study\_by/](https://www.reddit.com/r/HubermanLab/comments/17gp2kf/red_meat_increases_risk_of_diabetes_ii_study_by/)

**ENDOCRINE SYSTEM/SEX HORMONES:**  
The present data on men and children indicate that estrogens in milk were absorbed, and gonadotropin secretion was suppressed, followed by a decrease in testosterone secretion. Sexual maturation of prepubertal children could be affected by the ordinary intake of cow milk.  
[https://pubmed.ncbi.nlm.nih.gov/19496976/](https://pubmed.ncbi.nlm.nih.gov/19496976/)

Given the limitations of the study, the lower levels of serum oestrogens in semi-vegetarians than non-vegetarians need confirmation in larger populations.  
[https://pubmed.ncbi.nlm.nih.gov/24050121/](https://pubmed.ncbi.nlm.nih.gov/24050121/)

Vegans had higher testosterone levels than vegetarians and meat-eaters, but this was offset by higher sex hormone binding globulin, and there were no differences between diet groups in free testosterone, androstanediol glucuronide or luteinizing hormone.  
[https://www.nature.com/articles/6691152](https://www.nature.com/articles/6691152)

Vegans had 7% higher total T (P = 0.250), 23% higher SHBG (P = 0.001), 3% lower free T (P = 0.580)...  
It is concluded that a vegan diet causes a substantial increase in SHBG but has little effect on total or free T or on E2.  
[https://www.cambridge.org/core/journals/british-journal-of-nutrition/article/testosterone-sex-hormonebinding-globulin-calculated-free-testosterone-and-oestradiol-in-male-vegans-and-omnivores/27DDFF5DF01A55EA4E1ECDBA443B7896](https://www.cambridge.org/core/journals/british-journal-of-nutrition/article/testosterone-sex-hormonebinding-globulin-calculated-free-testosterone-and-oestradiol-in-male-vegans-and-omnivores/27DDFF5DF01A55EA4E1ECDBA443B7896)

Regardless of the statistical model, no significant effects of soy protein or isoflavone intake on any of the outcomes measured were found. Sub-analysis of the data according to isoflavone dose and study duration also showed no effect. This updated and expanded meta-analysis indicates that regardless of dose and study duration, neither soy protein nor isoflavone exposure affects TT, FT, E2 or E1 levels in men.  
[https://pubmed.ncbi.nlm.nih.gov/33383165/](https://pubmed.ncbi.nlm.nih.gov/33383165/)

Researchers reviewed 417 reports based on human data on isoflavone intake and endocrine-related health outcomes. Evidence suggests isoflavone intake does not adversely affect thyroid function, estrogen levels, ovulation in women, or semen levels in men. These publications also showed no negative effects in children. These results suggest neither isoflavones nor soy foods should be classified as endocrine disruptors associated with disease and adverse health outcomes. Soy products are actually associated with reduced risk of breast and prostate cancer.  
[https://www.pcrm.org/news/health-nutrition/new-research-disputes-biggest-soy-myths](https://www.pcrm.org/news/health-nutrition/new-research-disputes-biggest-soy-myths)

After extensive review, the evidence does not support classifying isoflavones as endocrine disruptors.  
[https://pubmed.ncbi.nlm.nih.gov/33775173/](https://pubmed.ncbi.nlm.nih.gov/33775173/)

**ENVIRONMENT:**  
Results from our review suggest that the vegan diet is the optimal diet for the environment because, out of all the compared diets, its production results in the lowest level of GHG emissions. [https://www.mdpi.com/2071-1050/11/15/4110/htm](https://www.mdpi.com/2071-1050/11/15/4110/htm)

This data shows that this is the case when we look at *individual* food products. But studies also shows that this holds true for actual *diets*; for example, researcher Vilma Sandström and colleagues [studied the footprint of diets across the EU](https://www.sciencedirect.com/science/article/pii/S2211912418300361). Food transport was responsible for only 6% of emissions, whilst dairy, meat and eggs accounted for 83%.[4](https://ourworldindata.org/food-choice-vs-eating-local#note-4)  
[https://ourworldindata.org/food-choice-vs-eating-local](https://ourworldindata.org/food-choice-vs-eating-local)

Thus, there seems to be an alignment of health and environmental outcomes for vegetarian diets. Although this shows the human health and environmental sustainability benefits of vegetarian diets in high-income countries, questions remain about the challenges in other contexts and the political will to promote meat-free diets as the social norm.  
[https://www.ncbi.nlm.nih.gov/pmc/articles/PMC6855976/](https://www.ncbi.nlm.nih.gov/pmc/articles/PMC6855976/)

Global greenhouse gas emissions from animal-based foods are twice those of plant-based foods  
[https://www.nature.com/articles/s43016-021-00358-x](https://www.nature.com/articles/s43016-021-00358-x)

Further, for all environmental indicators and nutritional units examined, plant-based foods have the lowest environmental impacts; eggs, dairy, pork, poultry, non-trawling fisheries, and non-recirculating aquaculture have intermediate impacts; and ruminant meat has impacts ∼100 times those of plant-based foods. Our analyses show that dietary shifts towards low-impact foods and increases in agricultural input use efficiency would offer larger environmental benefits than would switches from conventional agricultural systems to alternatives such as organic agriculture or grass-fed beef.  
[https://iopscience.iop.org/article/10.1088/1748-9326/aa6cd5](https://iopscience.iop.org/article/10.1088/1748-9326/aa6cd5)

Plant-based diets in comparison to meat-based diets are more sustainable because they use substantially less natural resources and are less taxing on the environment...  
The world’s demographic explosion and the increase in the appetite for animal foods render the food system unsustainable.  
[https://www.sciencedirect.com/science/article/pii/S0002916523048992](https://www.sciencedirect.com/science/article/pii/S0002916523048992)

**GLOBAL HEALTH:**  
Recently, the World Health Organization called antimicrobial resistance “an increasingly serious threat to global public health that requires action across all government sectors and society... Of all antibiotics sold in the United States, approximately 80% are sold for use in animal agriculture.  
[https://www.ncbi.nlm.nih.gov/pmc/articles/PMC4638249/](https://www.ncbi.nlm.nih.gov/pmc/articles/PMC4638249/)

We find that, given the current mix of crop uses, growing food exclusively for direct human consumption could, in principle, increase available food calories by as much as 70%, which could feed an additional 4 billion people.  
[https://iopscience.iop.org/article/10.1088/1748-9326/8/3/034015](https://iopscience.iop.org/article/10.1088/1748-9326/8/3/034015)

**PLANT-BASED ATHLETES:**  
Strongest Vegans on Earth  
[https://barbend.com/strongest-vegans-on-earth/](https://barbend.com/strongest-vegans-on-earth/)

Nine vegan strongmen that’ll make you give plants a shot  
[https://www.livingvegan.com/nine-vegan-strongmen-thatll-make-you-give-plants-a-shot/](https://www.livingvegan.com/nine-vegan-strongmen-thatll-make-you-give-plants-a-shot/)

**MORALITY/ETHICS:**  
Circles Of Compassion: Studying The Expansion Of Moral Concern  
[https://faunalytics.org/circles-compassion-studying-expansion-moral-concern/](https://faunalytics.org/circles-compassion-studying-expansion-moral-concern/)

Cows: Science Shows They're Bright and Emotional Individuals  
A new essay reviews the detailed science that demonstrates bovine sentience.  
[https://www.psychologytoday.com/gb/blog/animal-emotions/201711/cows-science-shows-theyre-bright-and-emotional-individuals](https://www.psychologytoday.com/gb/blog/animal-emotions/201711/cows-science-shows-theyre-bright-and-emotional-individuals)

How Smart Are Pigs?  
Researchers have found that pigs are intelligent beings capable of remembering their surroundings, learning from their friends, and solving complex problems.  
[https://animalequality.org/news/the-intelligence-of-pigs-comparable-to-that-of-elephants-and-dolphins/](https://animalequality.org/news/the-intelligence-of-pigs-comparable-to-that-of-elephants-and-dolphins/)

Evidence of animal capacity for suffering:  
[https://www.nationalgeographic.com/animals/article/animals-science-medical-pain](https://www.nationalgeographic.com/animals/article/animals-science-medical-pain)  
[https://digitalcommons.calpoly.edu/cgi/viewcontent.cgi?article=1867&context=bts](https://digitalcommons.calpoly.edu/cgi/viewcontent.cgi?article=1867&context=bts)  
[https://vegnews.com/vegan-health-wellness/do-animals-feel-pain](https://vegnews.com/vegan-health-wellness/do-animals-feel-pain)

Vegan Holocaust survivor says the reason he survived was to end the oppression of animals  
[https://www.standard.co.uk/lifestyle/vegan-holocaust-survivor-says-the-reason-he-survived-was-to-end-the-oppression-of-animals-a3543956.html](https://www.standard.co.uk/lifestyle/vegan-holocaust-survivor-says-the-reason-he-survived-was-to-end-the-oppression-of-animals-a3543956.html)

Ethical veganism a philosophical belief, judge rules  
[https://www.chronicle.gi/ethical-veganism-a-philosophical-belief-judge-rules/](https://www.chronicle.gi/ethical-veganism-a-philosophical-belief-judge-rules/)

One of the great moral philosophers of the modern age, Peter Singer asks unflinching questions about how we should live our lives. The ideas collected in these writings, arguing that human tyranny over animals is a wrong comparable to racism and sexism, triggered the animal rights movement and gave impetus to the rise in vegan eating.  
[https://www.penguin.co.uk/books/320079/why-vegan-by-singer-peter/9780241472385](https://www.penguin.co.uk/books/320079/why-vegan-by-singer-peter/9780241472385)",The Holistic Harm Reduction Benefits of a Vegan Diet **GENERAL HEALTH AND LONGEVITY:** 2009: The low-methionine content of vegan diets ma...
